,y,pred
0,0.02152399,0.09859267
1,0.024968151,0.050240934
2,0.025395066,0.035516202
3,0.031703398,0.070206374
4,0.03255963,0.098210186
5,0.032871008,0.060137123
6,0.033592675,0.069978416
7,0.034108955,0.06981549
8,0.03504184,0.35917217
9,0.035299413,0.07114276
10,0.035769276,0.0679293
11,0.039381787,0.09336278
12,0.039939307,0.099809855
13,0.040398527,0.048475295
14,0.04069637,0.0050417483
15,0.041835368,0.08680323
16,0.043331146,0.09433946
17,0.044473503,0.08361718
18,0.04467239,0.06578556
19,0.045005716,0.07866284
20,0.045036305,0.057032496
21,0.04642623,0.055003375
22,0.046450663,0.033037245
23,0.046488162,0.07747492
24,0.0478492,0.030016452
25,0.048128843,0.06617311
26,0.048539475,0.076563746
27,0.04998768,0.041238964
28,0.05103809,0.49159476
29,0.051484052,0.065102994
30,0.052322514,0.0615789
31,0.053301185,0.055667073
32,0.053462863,0.031401217
33,0.05403329,0.03330919
34,0.05424386,0.04455504
35,0.05438605,0.091858
36,0.054500196,0.04742229
37,0.055871982,0.07431635
38,0.056733295,0.034728855
39,0.057066787,0.07000643
40,0.057267338,0.050825655
41,0.057408288,0.076419234
42,0.0576202,0.048333794
43,0.05855958,0.08256385
44,0.058668815,0.03924653
45,0.05918361,0.06427124
46,0.05929937,0.06082201
47,0.059379436,0.078317195
48,0.059974622,0.13756579
49,0.060563836,0.06561923
50,0.061288416,0.056803137
51,0.061502945,0.055189103
52,0.061896544,0.066479474
53,0.062232092,0.08031443
54,0.06242933,0.035352737
55,0.06247601,0.068594754
56,0.06284947,0.049639165
57,0.06308578,0.050539583
58,0.06351376,0.062111825
59,0.064628385,0.07219818
60,0.06513647,0.07432708
61,0.06535728,0.07110122
62,0.06629507,0.12763193
63,0.06657119,0.053765237
64,0.06687695,0.07871267
65,0.06716807,0.15480599
66,0.067591935,0.053855747
67,0.06831947,0.077885896
68,0.06842908,0.08502373
69,0.06854445,0.0611569
70,0.07044552,0.09030214
71,0.071352854,0.11366889
72,0.071526036,0.12521836
73,0.07155191,0.09353855
74,0.07195144,0.15179005
75,0.07214812,0.12393081
76,0.07240708,0.1044437
77,0.07365075,0.13445744
78,0.073698804,0.08088258
79,0.073966846,0.08146492
80,0.07415318,0.093695134
81,0.07455,0.04260981
82,0.07462817,0.14842916
83,0.074998245,0.03265935
84,0.07509462,0.107371
85,0.07630692,0.12790647
86,0.07652459,0.10588038
87,0.0768122,0.10835293
88,0.07715303,0.14226934
89,0.07759156,0.037826568
90,0.078070045,0.094689876
91,0.078578405,0.06819332
92,0.07865442,0.0923858
93,0.07921574,0.05876273
94,0.07927516,0.048552483
95,0.079365075,0.13076898
96,0.07949192,0.06975481
97,0.07950892,0.060290515
98,0.080244735,0.07648903
99,0.08151916,0.13652238
100,0.082163654,0.075615555
101,0.08334212,0.11193904
102,0.08409368,0.066934735
103,0.08417299,0.13034818
104,0.08441277,0.09648728
105,0.084550686,0.14037195
106,0.08493342,0.042500347
107,0.08552831,0.058810353
108,0.08581301,0.09365836
109,0.08604423,0.114358634
110,0.08664604,0.15768984
111,0.08720674,0.04896584
112,0.08759017,0.07203588
113,0.08762561,0.12111637
114,0.08810462,0.08531645
115,0.08850596,0.09073228
116,0.08851015,0.07098356
117,0.08874557,0.121533096
118,0.08904472,0.124378294
119,0.089182466,0.092711896
120,0.08923689,0.071290344
121,0.089331254,0.15618062
122,0.08935529,0.08965036
123,0.08935998,0.098825544
124,0.08939235,0.12671989
125,0.08959944,0.033551812
126,0.08977007,0.12084898
127,0.09008902,0.06511581
128,0.09041789,0.13171229
129,0.09068846,0.12799093
130,0.09079185,0.13200572
131,0.09080339,0.122776836
132,0.09091345,0.17161193
133,0.0909623,0.12064263
134,0.09099906,0.07062724
135,0.09135518,0.14835703
136,0.09143049,0.10488966
137,0.0921453,0.10319725
138,0.09232178,0.12042385
139,0.09243865,0.11613998
140,0.092439294,0.14180371
141,0.093122944,0.16033337
142,0.09330919,0.08174035
143,0.09335338,0.12176964
144,0.093798794,0.15643731
145,0.09390341,0.07727519
146,0.09392453,0.16885778
147,0.09435667,0.11730468
148,0.09436832,0.12088862
149,0.094399415,0.032773703
150,0.09464415,0.071963936
151,0.094794095,0.13128379
152,0.09489135,0.10104567
153,0.094951585,0.08938137
154,0.095186144,0.09823108
155,0.09548207,0.08989066
156,0.0958589,0.07935402
157,0.096035995,0.11555347
158,0.09618028,0.11043897
159,0.09623601,0.095507234
160,0.096356034,0.109181195
161,0.09687978,0.055637866
162,0.097014606,0.15486267
163,0.09701992,0.14174175
164,0.097096525,0.12820062
165,0.097098224,0.13510069
166,0.097221136,0.13327485
167,0.09786805,0.12011811
168,0.097935334,0.14396757
169,0.09802241,0.11533007
170,0.098136924,0.11138126
171,0.09830217,0.17331144
172,0.09838177,0.15452603
173,0.098926455,0.10384795
174,0.09900755,0.120259434
175,0.099224426,0.1262142
176,0.09941156,0.14598572
177,0.09944375,0.08804563
178,0.099571995,0.1730943
179,0.10011356,0.1405383
180,0.10017,0.104777396
181,0.10045776,0.07161781
182,0.100551255,0.12298226
183,0.10090401,0.0624139
184,0.10126581,0.1796239
185,0.10144598,0.121120304
186,0.10157764,0.1385161
187,0.10161455,0.14901617
188,0.10228235,0.0772908
189,0.10240486,0.1104413
190,0.10261712,0.07303086
191,0.10305776,0.04274234
192,0.10310422,0.12563375
193,0.10328307,0.13040188
194,0.10364232,0.13171726
195,0.1038335,0.11998665
196,0.103919104,0.10029182
197,0.104130335,0.10332155
198,0.10430914,0.12449333
199,0.10436092,0.098437935
200,0.10467561,0.1148881
201,0.10475097,0.12326923
202,0.104843274,0.13288182
203,0.10519212,0.08589837
204,0.10527103,0.05643621
205,0.10562569,0.1321486
206,0.106114686,0.1460256
207,0.106119215,0.12014577
208,0.10639747,0.135575
209,0.10654488,0.15122294
210,0.10670261,0.13139495
211,0.107014544,0.12477985
212,0.10701495,0.0991582
213,0.10705495,0.18265748
214,0.10713735,0.12370893
215,0.107244685,0.13175365
216,0.107475266,0.10937372
217,0.10766957,0.1292052
218,0.10768607,0.07656762
219,0.1078451,0.11639628
220,0.10791206,0.08563858
221,0.10798675,0.105006754
222,0.10820597,0.13393709
223,0.10838096,0.1759319
224,0.109296456,0.107625514
225,0.10949211,0.04192984
226,0.1099266,0.11550823
227,0.11005072,0.14464983
228,0.110072985,0.11555749
229,0.11016138,0.13782659
230,0.110207036,0.02779466
231,0.11026376,0.122424096
232,0.11026887,0.091982216
233,0.11143113,0.1367752
234,0.11166661,0.115323454
235,0.11186413,0.1415115
236,0.11189521,0.11088386
237,0.1119369,0.11028114
238,0.11212575,0.120214075
239,0.112160355,0.109259754
240,0.11232431,0.12190282
241,0.112431325,0.086426884
242,0.1127568,0.062193304
243,0.11310839,0.14752999
244,0.11326378,0.040778607
245,0.11333629,0.11315176
246,0.113386504,0.06417474
247,0.113454,0.1648235
248,0.11360445,0.13309151
249,0.11377613,0.1422421
250,0.11383662,0.0884448
251,0.11393228,0.107732385
252,0.11393261,0.12757185
253,0.11470994,0.15280879
254,0.114771485,0.1514971
255,0.11518933,0.103052855
256,0.11524903,0.16484079
257,0.11540922,0.07870749
258,0.11567816,0.12385324
259,0.11568081,0.16448826
260,0.11589029,0.06966299
261,0.11590503,0.07216889
262,0.116090745,0.06625679
263,0.11610194,0.18467784
264,0.11611905,0.16165808
265,0.11659829,0.0850372
266,0.116651855,0.17939505
267,0.116958074,0.108504385
268,0.11697167,0.12943324
269,0.11697362,0.19503129
270,0.11710802,0.14666459
271,0.11721797,0.049004942
272,0.11726,0.090572506
273,0.117540814,0.16109973
274,0.11780347,0.11714992
275,0.11789791,0.10908863
276,0.11796841,0.093780845
277,0.118200175,0.13544145
278,0.11837799,0.1779449
279,0.118384786,0.12124765
280,0.11841172,0.13418996
281,0.11848526,0.095085114
282,0.118511826,0.101507515
283,0.11874168,0.15742803
284,0.11875212,0.19761795
285,0.11882612,0.13863048
286,0.119022764,0.1479967
287,0.11903048,0.097700804
288,0.119124494,0.1516754
289,0.11941189,0.12748665
290,0.119427994,0.13852379
291,0.119572945,0.17791793
292,0.11970582,0.09307918
293,0.119717844,0.10792863
294,0.119721755,0.1600503
295,0.119757086,0.14478323
296,0.119939215,0.13790792
297,0.119990624,0.15644762
298,0.1203199,0.0862146
299,0.12062033,0.107203156
300,0.1212946,0.10256073
301,0.12131632,0.15293261
302,0.12131883,0.12285337
303,0.1215302,0.14643478
304,0.12158458,0.10640475
305,0.12159058,0.13342151
306,0.121717356,0.09750888
307,0.12176523,0.12801993
308,0.12206599,0.12622479
309,0.12239655,0.09792665
310,0.122649185,0.12612352
311,0.123100586,0.1054374
312,0.12320213,0.14890409
313,0.12329966,0.110886276
314,0.12335194,0.16816065
315,0.1241025,0.15118784
316,0.12440166,0.07332677
317,0.124448024,0.16495052
318,0.12460032,0.12638646
319,0.12492108,0.16008133
320,0.12498238,0.1464594
321,0.1251896,0.1375213
322,0.12523788,0.18673477
323,0.1259528,0.15345055
324,0.12620343,0.10827762
325,0.12664905,0.13207331
326,0.12707645,0.13020393
327,0.127331,0.1676392
328,0.12755345,0.15942574
329,0.12826253,0.13758478
330,0.12827441,0.14904943
331,0.12832771,0.08209452
332,0.12845017,0.0955725
333,0.12850183,0.05231759
334,0.1290197,0.14504972
335,0.12914824,0.13984635
336,0.12956318,0.09659356
337,0.13005927,0.102665454
338,0.13008025,0.13192359
339,0.13032454,0.118801445
340,0.13044617,0.07929486
341,0.13046011,0.1521762
342,0.13083349,0.14715424
343,0.1309337,0.12679073
344,0.13147318,0.09671107
345,0.13159354,0.10172859
346,0.13164905,0.14328116
347,0.13169362,0.12189552
348,0.13172458,0.10446921
349,0.13175274,0.12671676
350,0.13225302,0.13938549
351,0.13243882,0.10283056
352,0.1326115,0.10735884
353,0.13262157,0.1134519
354,0.13315618,0.1309245
355,0.13348402,0.119018644
356,0.13369977,0.14549705
357,0.1337767,0.15576696
358,0.13383949,0.13392588
359,0.13389651,0.15420228
360,0.13393672,0.15665483
361,0.13400427,0.14527288
362,0.13402641,0.16413054
363,0.13422559,0.15037528
364,0.13440374,0.13327327
365,0.13480517,0.1676968
366,0.13485864,0.21139884
367,0.13498312,0.15764388
368,0.13550955,0.12723899
369,0.13561668,0.14337811
370,0.13574217,0.104560584
371,0.1363021,0.1517342
372,0.13644212,0.11628744
373,0.13647504,0.12760946
374,0.13668235,0.11098504
375,0.13681288,0.16821033
376,0.13687654,0.13454428
377,0.13773642,0.13987908
378,0.13817807,0.16188535
379,0.13819845,0.103572994
380,0.13821359,0.08572811
381,0.13848302,0.13093045
382,0.13851716,0.16732231
383,0.13862438,0.06873003
384,0.13869819,0.1959599
385,0.13897021,0.10912889
386,0.13920556,0.18571809
387,0.13932486,0.13497481
388,0.13946396,0.15201655
389,0.13969207,0.19893533
390,0.13984215,0.15255097
391,0.13986453,0.19245926
392,0.13989413,0.12383494
393,0.14005792,0.13503766
394,0.14013027,0.11337444
395,0.14020866,0.1842596
396,0.14034784,0.12508169
397,0.14044237,0.11931315
398,0.1404505,0.17459992
399,0.14077055,0.2355833
400,0.14108756,0.14193475
401,0.14121296,0.16928393
402,0.14121585,0.16226092
403,0.14154972,0.18501648
404,0.14156261,0.13892195
405,0.14172468,0.13922772
406,0.14184824,0.13566926
407,0.14194393,0.12732908
408,0.14210398,0.15969828
409,0.14286469,0.1409131
410,0.1429722,0.16041884
411,0.14300081,0.11318913
412,0.1432303,0.13519815
413,0.14376496,0.12979355
414,0.14388554,0.1514652
415,0.14400405,0.16637692
416,0.14415061,0.045221776
417,0.14421941,0.1647602
418,0.14451101,0.16396597
419,0.14454338,0.14566365
420,0.14461535,0.09766525
421,0.1446827,0.1808331
422,0.14477254,0.14737716
423,0.14518978,0.11250466
424,0.14521198,0.095410675
425,0.14542003,0.14732453
426,0.1455026,0.15593833
427,0.14566143,0.14099121
428,0.14582956,0.15119997
429,0.14597017,0.19534686
430,0.14667498,0.5761394
431,0.14669697,0.15198034
432,0.14669937,0.20604476
433,0.14681733,0.1524091
434,0.14700632,0.11887708
435,0.14727491,0.1802051
436,0.14752564,0.24193642
437,0.1476005,0.15193674
438,0.14778644,0.11851469
439,0.14823492,0.15494981
440,0.14828281,0.1251935
441,0.1483928,0.15675807
442,0.14884387,0.1268954
443,0.14886682,0.13557962
444,0.14903094,0.22655857
445,0.149042,0.15023777
446,0.14924844,0.16335711
447,0.14963874,0.093040556
448,0.14985195,0.22150591
449,0.14997664,0.23077461
450,0.15012105,0.13986266
451,0.15030676,0.13789898
452,0.15039784,0.14089105
453,0.15045995,0.1926978
454,0.15074386,0.17259425
455,0.15092072,0.12961581
456,0.1510182,0.15503749
457,0.15130998,0.26406682
458,0.15165865,0.15230653
459,0.15193439,0.18684867
460,0.15198864,0.12161097
461,0.15220447,0.17086932
462,0.15229407,0.12801388
463,0.15231085,0.11956552
464,0.15263042,0.1730721
465,0.15268733,0.1530886
466,0.15290955,0.16494188
467,0.15298787,0.15791553
468,0.15310213,0.21635008
469,0.15323393,0.14979371
470,0.15331495,0.15537766
471,0.15331808,0.16581967
472,0.15349983,0.14928198
473,0.15380208,0.19651681
474,0.15381664,0.16118887
475,0.1538336,0.2051703
476,0.15396549,0.17915723
477,0.15402682,0.10929325
478,0.15422238,0.1252602
479,0.1542271,0.115922004
480,0.1544513,0.13198635
481,0.15452136,0.1775575
482,0.15508579,0.12424362
483,0.15511255,0.16323921
484,0.15513182,0.15667939
485,0.15527995,0.20908773
486,0.15585384,0.14114001
487,0.15586592,0.15055391
488,0.15587239,0.17427182
489,0.15594801,0.13658288
490,0.1562356,0.15472004
491,0.15657046,0.19309047
492,0.15682562,0.18315658
493,0.1571017,0.15994993
494,0.15725046,0.2114132
495,0.15755549,0.15213752
496,0.1576091,0.21290544
497,0.1581123,0.1810799
498,0.15812099,0.12209314
499,0.15830013,0.17426056
500,0.15880309,0.2239705
501,0.15890124,0.1988003
502,0.15909448,0.21520358
503,0.15924552,0.19120824
504,0.15926073,0.21962199
505,0.1595804,0.19303176
506,0.15992613,0.1886029
507,0.1602688,0.18286759
508,0.16102436,0.15020806
509,0.16105515,0.22049841
510,0.16106047,0.11476782
511,0.1611862,0.13487947
512,0.1614208,0.19252011
513,0.16169754,0.1933707
514,0.16188666,0.19244304
515,0.16235656,0.1830639
516,0.16267562,0.1513857
517,0.1630616,0.2205914
518,0.16313322,0.15217108
519,0.16324581,0.13304177
520,0.16341236,0.18988338
521,0.16356552,0.178998
522,0.1636944,0.11884898
523,0.1638363,0.16579235
524,0.1641263,0.2374526
525,0.16423939,0.15838644
526,0.16439672,0.19389215
527,0.16451244,0.1742799
528,0.16486707,0.23605868
529,0.16493735,0.2251715
530,0.1650729,0.18186143
531,0.16510674,0.06346151
532,0.16514574,0.18021134
533,0.16527219,0.18943432
534,0.16532531,0.2129241
535,0.16536914,0.20634654
536,0.1663398,0.1429725
537,0.16673614,0.15603453
538,0.16676974,0.20377487
539,0.166827,0.14557418
540,0.16685931,0.120494366
541,0.16714542,0.18051097
542,0.16718106,0.17762002
543,0.16719137,0.16833031
544,0.16720359,0.18262836
545,0.1681187,0.16359249
546,0.16838755,0.19596493
547,0.1685103,0.1548191
548,0.16885146,0.15134734
549,0.1690067,0.22750515
550,0.16936171,0.22659391
551,0.16938388,0.19220522
552,0.16942106,0.19629577
553,0.17009729,0.18432194
554,0.17019206,0.19914481
555,0.17028058,0.18549687
556,0.17038819,0.14797798
557,0.17048052,0.11824611
558,0.17056873,0.22673792
559,0.17060144,0.24443151
560,0.17060284,0.13949212
561,0.17063056,0.21085623
562,0.17065789,0.19214728
563,0.17072798,0.17509529
564,0.1712339,0.17357785
565,0.17147607,0.14956555
566,0.17153686,0.13236675
567,0.17215484,0.20442888
568,0.17223947,0.11031774
569,0.17227747,0.14042446
570,0.17239152,0.19448504
571,0.17250346,0.1422678
572,0.17255363,0.20093611
573,0.17257614,0.21172157
574,0.17277354,0.17315009
575,0.17312767,0.17075336
576,0.1732135,0.13276073
577,0.17330907,0.20687664
578,0.1735934,0.16878852
579,0.17406185,0.19891444
580,0.17421709,0.20294657
581,0.17425077,0.1493519
582,0.1744562,0.18310356
583,0.17462794,0.14780998
584,0.17463925,0.120917976
585,0.1753544,0.20550802
586,0.17561464,0.22684932
587,0.17563827,0.197833
588,0.17572846,0.14042711
589,0.1759107,0.17412868
590,0.17596179,0.12734276
591,0.17650725,0.1520384
592,0.17679965,0.18620634
593,0.17688198,0.19213435
594,0.17715272,0.20180711
595,0.17738,0.16130939
596,0.17738791,0.25243193
597,0.17740935,0.24035585
598,0.17747423,0.17943022
599,0.17759317,0.12551293
600,0.17763156,0.16689858
601,0.17766234,0.19906747
602,0.17826363,0.11623269
603,0.17835574,0.032844365
604,0.17857918,0.12654826
605,0.1786145,0.19438988
606,0.17878234,0.14837256
607,0.17879832,0.15449575
608,0.17896235,0.15080985
609,0.17915365,0.08378318
610,0.17952028,0.19509444
611,0.17955604,0.19839576
612,0.17978819,0.21785143
613,0.1798491,0.18769237
614,0.17993453,0.28091696
615,0.18006271,0.19364312
616,0.18037885,0.21419677
617,0.18058723,0.07624897
618,0.18118353,0.21444139
619,0.18174875,0.14809212
620,0.18185297,0.14479718
621,0.18189557,0.20313689
622,0.18189695,0.15599611
623,0.18192041,0.2025316
624,0.18204528,0.17189401
625,0.18231419,0.20609924
626,0.18239628,0.3112539
627,0.18255906,0.0612444
628,0.18261382,0.20218435
629,0.1826444,0.18865344
630,0.18276396,0.17945114
631,0.18290412,0.27681413
632,0.18330722,0.22074494
633,0.18340972,0.22034216
634,0.18374011,0.20404068
635,0.18402587,0.20090088
636,0.18407007,0.16212574
637,0.18452416,0.14585048
638,0.18459369,0.19319764
639,0.18496808,0.19932404
640,0.18497722,0.091227174
641,0.18511643,0.1879473
642,0.18542267,0.12243152
643,0.18546101,0.27360773
644,0.18554075,0.2215592
645,0.1857557,0.1673587
646,0.18605968,0.21428707
647,0.18620062,0.1488674
648,0.18625158,0.18376395
649,0.18660846,0.28194234
650,0.18661617,0.17229524
651,0.18693621,0.19544193
652,0.18701895,0.18620214
653,0.18759055,0.18877468
654,0.18795833,0.16617712
655,0.18807086,0.18576607
656,0.18808217,0.20341316
657,0.18818489,0.1437634
658,0.18820061,0.104594916
659,0.18826544,0.20159855
660,0.18828319,0.24814105
661,0.1885569,0.18377832
662,0.18859506,0.20717958
663,0.18868072,0.27497333
664,0.18871492,0.21856895
665,0.18893883,0.22487733
666,0.18894334,0.20765284
667,0.18953031,0.17437014
668,0.18962823,0.12183589
669,0.18962987,0.18018994
670,0.1896628,0.21568891
671,0.1896766,0.13069221
672,0.18991621,0.20098159
673,0.18993641,0.26356417
674,0.18999226,0.33645192
675,0.19043252,0.13831332
676,0.19060025,0.19394088
677,0.19086349,0.35929248
678,0.19120231,0.15347269
679,0.19131728,0.18917176
680,0.19165176,0.15291765
681,0.19191153,0.13392654
682,0.19197194,0.18735632
683,0.19201508,0.22123763
684,0.19218355,0.21407184
685,0.19227527,0.18298128
686,0.19248138,0.1795629
687,0.19266549,0.17936328
688,0.19276091,0.20823836
689,0.19279839,0.2073988
690,0.19287825,0.2251899
691,0.19321343,0.2058379
692,0.19334139,0.21297923
693,0.19336025,0.16618058
694,0.19337592,0.13812032
695,0.19373618,0.17002377
696,0.19404706,0.25777313
697,0.19420257,0.21399885
698,0.19470702,0.1834397
699,0.19484963,0.21962494
700,0.19491439,0.2230655
701,0.19493593,0.18991008
702,0.19500402,0.16839975
703,0.19515438,0.20945126
704,0.1955935,0.1940839
705,0.19559632,0.118545145
706,0.19569716,0.1950709
707,0.1958199,0.19341114
708,0.19582298,0.11532751
709,0.19593343,0.2680664
710,0.19606479,0.1830261
711,0.19626497,0.1978327
712,0.19627386,0.255162
713,0.19636826,0.30587715
714,0.19643264,0.2428852
715,0.19680676,0.21637264
716,0.19718993,0.2472464
717,0.19721837,0.18736973
718,0.19729176,0.21270993
719,0.19729681,0.2070269
720,0.19738057,0.18204951
721,0.1975231,0.18897295
722,0.19770919,0.24253498
723,0.19803673,0.2113854
724,0.19822405,0.21180984
725,0.19843006,0.17017594
726,0.19852714,0.14840254
727,0.19859843,0.16430816
728,0.19863531,0.19706774
729,0.19884244,0.19129851
730,0.19935985,0.20925859
731,0.19946231,0.20582995
732,0.1995914,0.19883984
733,0.19964176,0.15366328
734,0.19966799,0.23174861
735,0.19986917,0.1659852
736,0.19995405,0.22099242
737,0.20020333,0.21623728
738,0.20041311,0.23871025
739,0.20045274,0.27620947
740,0.20046914,0.16419694
741,0.2008862,0.2043359
742,0.20089413,0.23318982
743,0.2011301,0.19097659
744,0.20140195,0.16263804
745,0.20183861,0.24917342
746,0.20190106,0.14300951
747,0.20222914,0.25596595
748,0.20251948,0.1416196
749,0.2026009,0.2089217
750,0.2026088,0.2003128
751,0.20261963,0.25777778
752,0.2027469,0.25426796
753,0.2027577,0.20634201
754,0.20315781,0.25196004
755,0.20335558,0.19626352
756,0.20374326,0.25614622
757,0.20374994,0.25417513
758,0.20393682,0.15531802
759,0.20409836,0.22722751
760,0.20419575,0.16806963
761,0.20447299,0.18628052
762,0.20451663,0.19789848
763,0.2047516,0.19404486
764,0.20477174,0.23765501
765,0.20501018,0.25098318
766,0.20502082,0.21035579
767,0.20507993,0.24343425
768,0.20510763,0.30601138
769,0.20571814,0.200515
770,0.20576692,0.23668745
771,0.2058763,0.20012307
772,0.20598888,0.21322247
773,0.20613934,0.18241572
774,0.20623696,0.21766019
775,0.20629251,0.22596192
776,0.20649981,0.25035977
777,0.2065807,0.26435545
778,0.2067833,0.2527879
779,0.20688762,0.34736168
780,0.2070595,0.24616003
781,0.2072446,0.269302
782,0.20751409,0.21440619
783,0.20755866,0.18951598
784,0.2078621,0.19142398
785,0.20809668,0.19394338
786,0.20825005,0.23338363
787,0.20830084,0.19177738
788,0.20854057,0.17670253
789,0.208662,0.22637033
790,0.20870584,0.21941057
791,0.20900455,0.16896856
792,0.20901525,0.18520555
793,0.20939633,0.29993236
794,0.20971338,0.20917377
795,0.20971969,0.20674428
796,0.20972554,0.24911827
797,0.2100498,0.17674875
798,0.21026565,0.23732945
799,0.21046212,0.26086766
800,0.2105446,0.27362734
801,0.21064763,0.20311967
802,0.21081503,0.22644776
803,0.2109596,0.17570639
804,0.21106294,0.20383582
805,0.21116082,0.25000414
806,0.21121986,0.24607438
807,0.21129414,0.19784558
808,0.21145564,0.24037483
809,0.2121234,0.21500292
810,0.21216771,0.1939416
811,0.21219078,0.16023436
812,0.21252404,0.10999268
813,0.21265309,0.1884844
814,0.21280698,0.22510621
815,0.21284933,0.24780066
816,0.21302927,0.24849126
817,0.21309695,0.20099881
818,0.21333733,0.2010786
819,0.21338443,0.21752125
820,0.21369152,0.20567387
821,0.21401355,0.20783988
822,0.21434155,0.20796818
823,0.21451321,0.23273554
824,0.21456967,0.245282
825,0.21463996,0.26648718
826,0.21482924,0.26813734
827,0.21483007,0.17959455
828,0.21487184,0.17359018
829,0.21500173,0.13108495
830,0.21512546,0.2797311
831,0.21522994,0.23675019
832,0.21558958,0.22164407
833,0.21596377,0.16573745
834,0.21615334,0.2428842
835,0.21641102,0.24601962
836,0.21695466,0.30148056
837,0.21698767,0.24201912
838,0.21715274,0.22341275
839,0.21733935,0.2067559
840,0.21787477,0.1884768
841,0.21798742,0.21383199
842,0.21802396,0.22674927
843,0.21813533,0.19850227
844,0.21816008,0.24051812
845,0.21824703,0.17081735
846,0.2182909,0.18040016
847,0.21847191,0.27514458
848,0.21851668,0.23102662
849,0.21891053,0.14434204
850,0.21902202,0.2222178
851,0.2192318,0.21909171
852,0.21933143,0.21229693
853,0.21934357,0.2292079
854,0.21949428,0.21780056
855,0.21958312,0.09619841
856,0.2198074,0.18725696
857,0.21998478,0.22584814
858,0.2202381,0.19255504
859,0.22031774,0.19068101
860,0.22044076,0.20705584
861,0.22050269,0.1748673
862,0.22060642,0.28869602
863,0.22099882,0.24013296
864,0.2211374,0.18494716
865,0.22131106,0.23449844
866,0.22198792,0.18017587
867,0.22201572,0.20027873
868,0.22233486,0.14972001
869,0.22254121,0.25901726
870,0.22262514,0.18774736
871,0.22263095,0.2328473
872,0.22266988,0.2591931
873,0.22267509,0.172293
874,0.22283018,0.25482154
875,0.2230935,0.24719372
876,0.22332463,0.24275357
877,0.22362415,0.20960158
878,0.22386281,0.22248664
879,0.22394945,0.2069341
880,0.22398658,0.297285
881,0.2242689,0.20127329
882,0.22431739,0.19441316
883,0.22439079,0.2944931
884,0.22439796,0.2003986
885,0.2245277,0.26246205
886,0.22493574,0.23757523
887,0.22511265,0.2170237
888,0.22546802,0.24564815
889,0.22559555,0.103075445
890,0.22563516,0.23345822
891,0.22604902,0.19988438
892,0.22608712,0.2313306
893,0.2263742,0.25842792
894,0.22669165,0.22691715
895,0.22678041,0.24346732
896,0.22709996,0.22624955
897,0.22750017,0.27089974
898,0.22773671,0.28686547
899,0.228081,0.2635815
900,0.22814614,0.20257068
901,0.22823201,0.2332469
902,0.22850701,0.21700937
903,0.22909176,0.225589
904,0.22916715,0.22058961
905,0.22954284,0.2176731
906,0.22956759,0.21802822
907,0.22957486,0.23132506
908,0.22967398,0.23767719
909,0.2298821,0.22818658
910,0.22990711,0.23649561
911,0.23031805,0.26148736
912,0.23041432,0.25307766
913,0.23043586,0.3843481
914,0.23054743,0.12262699
915,0.23057003,0.22056025
916,0.23078018,0.22214594
917,0.23093422,0.19877216
918,0.23116316,0.24738327
919,0.23123668,0.2801546
920,0.23128,0.25478598
921,0.23133859,0.18288386
922,0.23134051,0.26377577
923,0.23145369,0.23269415
924,0.23172526,0.32357693
925,0.23175779,0.25970036
926,0.23212466,0.23495689
927,0.23227575,0.21174315
928,0.23293549,0.18305334
929,0.23355287,0.16878441
930,0.23356996,0.2533803
931,0.23360243,0.2417866
932,0.23396827,0.20912421
933,0.23409054,0.21749443
934,0.23429705,0.21490404
935,0.23438196,0.30398917
936,0.23455273,0.2625261
937,0.23509587,0.21598172
938,0.23521899,0.25390816
939,0.2353179,0.21377966
940,0.23541585,0.2801481
941,0.23573162,0.23729223
942,0.23580584,0.2593071
943,0.2360457,0.3095492
944,0.2360747,0.1892375
945,0.23615016,0.23739088
946,0.23627399,0.23267785
947,0.23629865,0.2314969
948,0.23641688,0.2617491
949,0.23679031,0.21654773
950,0.23711415,0.22442701
951,0.2374614,0.23056304
952,0.23756576,0.22626826
953,0.23775914,0.24959439
954,0.23792298,0.26002824
955,0.23801695,0.2680264
956,0.23805758,0.16523668
957,0.23808083,0.26103133
958,0.23811108,0.29509383
959,0.23812263,0.25059563
960,0.2384958,0.22462007
961,0.23866981,0.23409513
962,0.23920107,0.24194944
963,0.23933251,0.3368474
964,0.2395319,0.052199543
965,0.23967752,0.26499268
966,0.23995215,0.27140465
967,0.24004008,0.26222163
968,0.24049263,0.21704194
969,0.24073088,0.2725245
970,0.24075098,0.3000082
971,0.24077795,0.23058978
972,0.24081685,0.37090966
973,0.24087784,0.15921468
974,0.24093497,0.22500077
975,0.24106206,0.25415415
976,0.24113874,0.28408954
977,0.24126475,0.27603984
978,0.24198046,0.27522752
979,0.24214785,0.2937144
980,0.24244508,0.23762465
981,0.24257313,0.18486145
982,0.24309956,0.21631378
983,0.24332565,0.2726879
984,0.2437851,0.19320229
985,0.24412958,0.23565385
986,0.2443185,0.2420493
987,0.24432023,0.23053521
988,0.24433182,0.21609178
989,0.24460813,0.28166357
990,0.2450543,0.23193383
991,0.24510032,0.23410013
992,0.24528787,0.2188946
993,0.24541216,0.24860974
994,0.24566354,0.25720537
995,0.24579947,0.28334972
996,0.24647988,0.36907965
997,0.24658565,0.2518502
998,0.24675065,0.32884222
999,0.24676573,0.26672786
1000,0.24695781,0.31947005
1001,0.24697943,0.24830472
1002,0.24720891,0.24502793
1003,0.24729143,0.25359347
1004,0.24798483,0.21968529
1005,0.24799147,0.26715386
1006,0.24808948,0.30408224
1007,0.2481848,0.30440444
1008,0.24878344,0.09647703
1009,0.24929298,0.1691697
1010,0.24972586,0.21179786
1011,0.24993129,0.31797093
1012,0.2508877,0.23935437
1013,0.2510827,0.14924365
1014,0.2511471,0.21173266
1015,0.25117752,0.21554482
1016,0.2513028,0.21061784
1017,0.25138316,0.27290973
1018,0.25165775,0.21416846
1019,0.25178358,0.22231844
1020,0.25231743,0.22228318
1021,0.25234383,0.2807475
1022,0.2523526,0.22597411
1023,0.25240883,0.2850446
1024,0.25246224,0.23962203
1025,0.25259858,0.1432428
1026,0.25261316,0.25526288
1027,0.2526675,0.20854732
1028,0.25278077,0.28414935
1029,0.25283694,0.2480245
1030,0.25296563,0.24316326
1031,0.2531734,0.18372974
1032,0.2535674,0.3098135
1033,0.25370586,0.25681448
1034,0.25397608,0.26249492
1035,0.2540901,0.34389478
1036,0.2543206,0.21417376
1037,0.25499615,0.30364192
1038,0.2552707,0.27499127
1039,0.2553307,0.23923767
1040,0.25583842,0.23729816
1041,0.25616977,0.35177746
1042,0.25658315,0.2414567
1043,0.25728887,0.22838232
1044,0.2573555,0.22263351
1045,0.25746503,0.22612593
1046,0.25769228,0.27261993
1047,0.25791612,0.2599564
1048,0.25792444,0.24298796
1049,0.2583056,0.22644854
1050,0.25833148,0.28144625
1051,0.25840658,0.24303903
1052,0.25857472,0.22484657
1053,0.25890335,0.1909155
1054,0.25894424,0.2142697
1055,0.2590041,0.2459189
1056,0.25909498,0.24331406
1057,0.25924912,0.27748185
1058,0.25928158,0.28769088
1059,0.25928336,0.21399534
1060,0.2597048,0.26355174
1061,0.2597228,0.19814661
1062,0.26053652,0.26763523
1063,0.26061314,0.3246078
1064,0.2610958,0.24933457
1065,0.26253375,0.26637253
1066,0.26256302,0.2965088
1067,0.26258639,0.2648816
1068,0.26278016,0.23739925
1069,0.26285502,0.2463144
1070,0.2628798,0.38273466
1071,0.263127,0.21938881
1072,0.26350296,0.24115479
1073,0.2635819,0.33990386
1074,0.26365337,0.23448664
1075,0.26369065,0.27685237
1076,0.2636965,0.25909373
1077,0.26385424,0.21131954
1078,0.2639004,0.36638528
1079,0.263936,0.31421882
1080,0.26393804,0.27493322
1081,0.2640154,0.25325185
1082,0.26416862,0.27650467
1083,0.26452282,0.26511902
1084,0.26457858,0.18548611
1085,0.26472855,0.24575949
1086,0.26494676,0.27932233
1087,0.26581883,0.28239167
1088,0.26596528,0.22563455
1089,0.26612613,0.32564092
1090,0.26627252,0.23410678
1091,0.26660642,0.2294443
1092,0.2672672,0.34758872
1093,0.26772377,0.20604023
1094,0.2678337,0.26808786
1095,0.26794982,0.25445944
1096,0.2685764,0.2593131
1097,0.26920822,0.2707329
1098,0.2694888,0.41228122
1099,0.26963905,0.23070458
1100,0.26969948,0.2742824
1101,0.26976514,0.2349104
1102,0.26978236,0.33126694
1103,0.27030396,0.32829034
1104,0.2710031,0.18447241
1105,0.27109239,0.2135877
1106,0.2711562,0.3046869
1107,0.27125755,0.22858322
1108,0.27139786,0.15789214
1109,0.27145955,0.27053705
1110,0.27146333,0.342969
1111,0.27183652,0.22962505
1112,0.2731083,0.2966657
1113,0.27315643,0.31079334
1114,0.2734784,0.3609096
1115,0.27372533,0.29251054
1116,0.27392894,0.21757942
1117,0.27447668,0.23351046
1118,0.27453777,0.23464403
1119,0.2746358,0.2911458
1120,0.27470434,0.28081638
1121,0.27488384,0.2609986
1122,0.27500758,0.40331712
1123,0.27501875,0.3093056
1124,0.27598563,0.26596767
1125,0.27615067,0.35801762
1126,0.27615142,0.3021372
1127,0.27627575,0.24395883
1128,0.27663505,0.28699613
1129,0.2771849,0.23396316
1130,0.2774258,0.27507418
1131,0.27758595,0.29053736
1132,0.27762035,0.40553337
1133,0.2781748,0.36579937
1134,0.27847558,0.29649535
1135,0.27871868,0.17238626
1136,0.2788049,0.24650878
1137,0.27951616,0.24566148
1138,0.2796716,0.26949367
1139,0.28001526,0.18351856
1140,0.28028795,0.22596675
1141,0.2805219,0.2561505
1142,0.28080186,0.31582066
1143,0.28083292,0.283233
1144,0.28142592,0.3319827
1145,0.28147873,0.356887
1146,0.28151292,0.24253052
1147,0.2815413,0.31174755
1148,0.28176287,0.30390748
1149,0.28178203,0.30136353
1150,0.28230438,0.3666618
1151,0.28249437,0.29753333
1152,0.28249782,0.2070359
1153,0.28251776,0.2505563
1154,0.28259307,0.2701381
1155,0.28269607,0.21066728
1156,0.28392857,0.25667474
1157,0.2840104,0.22957233
1158,0.28494292,0.32371536
1159,0.28533858,0.3511259
1160,0.28593606,0.25593936
1161,0.28598574,0.28313887
1162,0.28633872,0.28505543
1163,0.2865565,0.33378762
1164,0.28667146,0.28293738
1165,0.28705594,0.29823518
1166,0.28705916,0.2711048
1167,0.28722435,0.3788998
1168,0.2873992,0.34887832
1169,0.28838167,0.23657781
1170,0.28891656,0.18838012
1171,0.2891201,0.2709565
1172,0.28915522,0.21094546
1173,0.2894431,0.3856406
1174,0.28947127,0.30835187
1175,0.28982332,0.27042556
1176,0.28996766,0.312164
1177,0.29023904,0.24748406
1178,0.29058412,0.29401875
1179,0.29062337,0.3196368
1180,0.29213232,0.29993236
1181,0.29216862,0.3214627
1182,0.29236457,0.31780124
1183,0.2924518,0.39619738
1184,0.29250324,0.2388936
1185,0.29324868,0.39539978
1186,0.2944489,0.2247288
1187,0.29467326,0.27913272
1188,0.2952475,0.3446382
1189,0.29545686,0.23083666
1190,0.2954668,0.3450447
1191,0.29564908,0.41310567
1192,0.29584327,0.25893715
1193,0.29592103,0.2968978
1194,0.29598022,0.3279757
1195,0.2960959,0.34349653
1196,0.29613343,0.22196117
1197,0.2963302,0.2653771
1198,0.29684505,0.2645598
1199,0.29706588,0.2556324
1200,0.2971814,0.26340282
1201,0.2973312,0.21418491
1202,0.29780233,0.3921101
1203,0.29785824,0.3574235
1204,0.297888,0.25674415
1205,0.2979864,0.2993434
1206,0.2981083,0.27812475
1207,0.29856864,0.28935283
1208,0.29888582,0.3128488
1209,0.29933932,0.2726251
1210,0.29946387,0.20166832
1211,0.2997692,0.26056045
1212,0.30033302,0.36637723
1213,0.3003723,0.2983875
1214,0.3010017,0.28952894
1215,0.3012084,0.25870243
1216,0.30139115,0.31267715
1217,0.30164927,0.32922027
1218,0.30224705,0.28154776
1219,0.3029934,0.35556
1220,0.303456,0.31424794
1221,0.30379236,0.2631396
1222,0.3039014,0.32297933
1223,0.30413136,0.26273847
1224,0.30475846,0.32472542
1225,0.30500662,0.23676726
1226,0.30527496,0.2834354
1227,0.3053236,0.3009284
1228,0.30535427,0.29397362
1229,0.30568886,0.28499278
1230,0.305745,0.31400168
1231,0.30591974,0.34256625
1232,0.3062072,0.2988817
1233,0.30644745,0.3083549
1234,0.30674776,0.28461257
1235,0.30680084,0.3845328
1236,0.30685785,0.27589917
1237,0.3074354,0.2744817
1238,0.30765238,0.38237143
1239,0.30773786,0.3035549
1240,0.30777568,0.23173806
1241,0.30812824,0.28150624
1242,0.30870798,0.37166023
1243,0.30910376,0.24652258
1244,0.30914325,0.3474126
1245,0.30950198,0.30930567
1246,0.31000513,0.31890386
1247,0.3103378,0.2632813
1248,0.31038517,0.38120925
1249,0.31073058,0.34550434
1250,0.31111872,0.29897907
1251,0.31144524,0.3822025
1252,0.31197816,0.32584012
1253,0.31227008,0.3626675
1254,0.31239012,0.31696254
1255,0.31302583,0.14927793
1256,0.31350353,0.27434275
1257,0.31361893,0.2725457
1258,0.3142366,0.34638673
1259,0.31490204,0.2603741
1260,0.31501186,0.34706247
1261,0.3152631,0.3479784
1262,0.31529447,0.38688645
1263,0.3154124,0.33446985
1264,0.31548217,0.24124116
1265,0.31553215,0.26468793
1266,0.31605005,0.24030054
1267,0.31648844,0.28451812
1268,0.31707853,0.31460232
1269,0.31734148,0.2956807
1270,0.31739086,0.3780796
1271,0.31780753,0.36646396
1272,0.31780994,0.2628237
1273,0.31837,0.28058088
1274,0.3186653,0.32062128
1275,0.3187424,0.36883014
1276,0.3189354,0.2914677
1277,0.3189402,0.2782405
1278,0.3193702,0.28353226
1279,0.31978866,0.31109688
1280,0.32024196,0.35085443
1281,0.32027355,0.28185132
1282,0.32039464,0.2646608
1283,0.3206913,0.34880763
1284,0.32089153,0.33481726
1285,0.3209342,0.29258677
1286,0.320954,0.30281734
1287,0.3213696,0.3336713
1288,0.32146186,0.33954355
1289,0.32208732,0.3859948
1290,0.322125,0.2987762
1291,0.3221758,0.21977925
1292,0.32253507,0.35396478
1293,0.32265547,0.3542272
1294,0.32295907,0.2461913
1295,0.32447478,0.37892663
1296,0.32474515,0.31173748
1297,0.32493752,0.35079992
1298,0.32504806,0.30168086
1299,0.32517523,0.28909785
1300,0.32530215,0.22393382
1301,0.32530758,0.3562736
1302,0.3253413,0.2797464
1303,0.3254577,0.23686221
1304,0.32564396,0.29973596
1305,0.32691628,0.34599322
1306,0.32698527,0.33783403
1307,0.32702547,0.35274327
1308,0.3274719,0.33246356
1309,0.32768682,0.2762373
1310,0.32779837,0.38953072
1311,0.32858327,0.334993
1312,0.32879043,0.3491227
1313,0.32897475,0.23434436
1314,0.32908392,0.33530805
1315,0.32909024,0.2905932
1316,0.32951456,0.3676895
1317,0.3295347,0.43122208
1318,0.33098853,0.33876127
1319,0.33107096,0.34416786
1320,0.33109674,0.31932667
1321,0.33116725,0.31385204
1322,0.3316508,0.24829762
1323,0.3318766,0.32884365
1324,0.33201513,0.25666696
1325,0.332024,0.36935586
1326,0.33222017,0.326996
1327,0.332623,0.35412565
1328,0.33271065,0.26456526
1329,0.33272982,0.42926827
1330,0.33304363,0.33670342
1331,0.33418435,0.26702476
1332,0.33432546,0.31168658
1333,0.33444706,0.36251336
1334,0.33463904,0.2910148
1335,0.3349011,0.36299872
1336,0.33552077,0.3371861
1337,0.33568454,0.25080183
1338,0.3361475,0.32115316
1339,0.3368086,0.3824197
1340,0.3371605,0.2883752
1341,0.33734116,0.2869146
1342,0.3378731,0.36449495
1343,0.3379224,0.31805718
1344,0.33865288,0.45427644
1345,0.338913,0.33226445
1346,0.33958378,0.3236591
1347,0.34020442,0.3273528
1348,0.34092495,0.27620584
1349,0.34113562,0.28215623
1350,0.34115434,0.3500839
1351,0.34146222,0.25707784
1352,0.3421833,0.33994317
1353,0.34229302,0.32899663
1354,0.34298196,0.4182424
1355,0.3431548,0.42861956
1356,0.343208,0.33158767
1357,0.34342456,0.35722724
1358,0.34361166,0.36451918
1359,0.34405488,0.37343845
1360,0.34441906,0.30507722
1361,0.345002,0.3800484
1362,0.34553757,0.07189503
1363,0.34606206,0.3303106
1364,0.34663782,0.28582925
1365,0.3471279,0.37470257
1366,0.34734204,0.33554587
1367,0.34745172,0.31820095
1368,0.34753117,0.36313647
1369,0.3476941,0.19441178
1370,0.34790382,0.38598222
1371,0.34855703,0.29175198
1372,0.3486261,0.32359618
1373,0.34865808,0.35536203
1374,0.34915578,0.37473792
1375,0.3493029,0.34412056
1376,0.34971887,0.36700892
1377,0.35002694,0.390994
1378,0.35013843,0.34214985
1379,0.35058612,0.38185468
1380,0.35075867,0.42565522
1381,0.35090348,0.3208922
1382,0.35100332,0.34080568
1383,0.35227898,0.31696606
1384,0.35229623,0.3410839
1385,0.3525301,0.412651
1386,0.3526687,0.32282788
1387,0.3534558,0.40033755
1388,0.35348877,0.32833594
1389,0.35358357,0.31307054
1390,0.354152,0.4333812
1391,0.35420126,0.33099684
1392,0.3545844,0.16530064
1393,0.3546697,0.3126799
1394,0.35494873,0.34039357
1395,0.35525027,0.24318114
1396,0.35539564,0.3455909
1397,0.3557197,0.28994083
1398,0.35597926,0.2833613
1399,0.35689145,0.35109282
1400,0.35873985,0.42212585
1401,0.35886547,0.28123778
1402,0.35910285,0.40781298
1403,0.35925025,0.35584968
1404,0.359315,0.3085428
1405,0.35945517,0.23228839
1406,0.36052167,0.3249291
1407,0.3614004,0.37810984
1408,0.3618599,0.3379372
1409,0.36194763,0.37366876
1410,0.36204338,0.30063725
1411,0.36539394,0.3034674
1412,0.36563194,0.35619986
1413,0.3659019,0.3370558
1414,0.36606288,0.3631385
1415,0.36625668,0.40995374
1416,0.36633298,0.21386835
1417,0.3668131,0.37620386
1418,0.3669088,0.35443026
1419,0.36713865,0.35261324
1420,0.3671573,0.38061768
1421,0.3674249,0.3292095
1422,0.36789134,0.36894095
1423,0.36791366,0.36689922
1424,0.36794156,0.3119976
1425,0.36799288,0.31210572
1426,0.36819565,0.42222056
1427,0.36827695,0.3121373
1428,0.36862764,0.4314977
1429,0.36867622,0.30062932
1430,0.36963794,0.3819532
1431,0.36971095,0.29116088
1432,0.36988923,0.41652796
1433,0.36995208,0.32393533
1434,0.3705472,0.3495053
1435,0.37129268,0.4008176
1436,0.37176323,0.3221494
1437,0.37294078,0.414087
1438,0.37426114,0.39251944
1439,0.37438253,0.4100054
1440,0.37457186,0.29139355
1441,0.3748176,0.43053582
1442,0.37487113,0.2793692
1443,0.3751184,0.29467493
1444,0.37545565,0.4011655
1445,0.37586498,0.47787216
1446,0.37622637,0.37749627
1447,0.37644315,0.329274
1448,0.37682223,0.34077924
1449,0.37682477,0.4106874
1450,0.3769176,0.4097003
1451,0.37716812,0.42948568
1452,0.37741074,0.42436475
1453,0.37763304,0.35269207
1454,0.37881425,0.38763762
1455,0.37886417,0.28913635
1456,0.37911418,0.49075007
1457,0.37926444,0.38419122
1458,0.379365,0.35704103
1459,0.38001946,0.33034053
1460,0.38057593,0.4500987
1461,0.3806178,0.2580912
1462,0.38108107,0.38302797
1463,0.38120076,0.36738718
1464,0.38150847,0.38345826
1465,0.3817663,0.31123796
1466,0.3818323,0.33238554
1467,0.38189882,0.4146997
1468,0.3822411,0.3771259
1469,0.382513,0.41663814
1470,0.38301155,0.3193621
1471,0.38387567,0.324141
1472,0.38388377,0.38521546
1473,0.38414156,0.3502646
1474,0.3842405,0.3722872
1475,0.384407,0.4373784
1476,0.3846238,0.40288842
1477,0.38483098,0.3656627
1478,0.38534442,0.37559447
1479,0.38547066,0.35081303
1480,0.38547269,0.27794248
1481,0.38551787,0.34332776
1482,0.3855711,0.37953597
1483,0.38586596,0.3968448
1484,0.38599116,0.3538402
1485,0.38676107,0.458352
1486,0.38683426,0.38461408
1487,0.38688388,0.34913832
1488,0.3869855,0.40847707
1489,0.38762295,0.38087276
1490,0.3880995,0.39070246
1491,0.38822272,0.40175357
1492,0.3886836,0.47156784
1493,0.3889767,0.39765692
1494,0.3890482,0.32403064
1495,0.3891811,0.39381447
1496,0.3894486,0.35116234
1497,0.38967726,0.44292662
1498,0.3900956,0.33933884
1499,0.3905375,0.34842354
1500,0.39058486,0.34667772
1501,0.39066485,0.42890823
1502,0.39083323,0.41516978
1503,0.3911653,0.21839717
1504,0.3916458,0.37922564
1505,0.39170852,0.43326136
1506,0.39235827,0.41998446
1507,0.39238387,0.4442713
1508,0.39252123,0.33692878
1509,0.39310572,0.42991042
1510,0.39313114,0.4009115
1511,0.3932455,0.38805977
1512,0.39374793,0.37511018
1513,0.39391613,0.35142758
1514,0.39398482,0.37059295
1515,0.39431247,0.32761192
1516,0.39432892,0.41220623
1517,0.39453033,0.3609889
1518,0.39524582,0.39350897
1519,0.3955974,0.42995408
1520,0.39576405,0.41635138
1521,0.3964345,0.4417519
1522,0.39717174,0.39366964
1523,0.3973496,0.40155268
1524,0.39752743,0.2617756
1525,0.39765665,0.36733562
1526,0.39812523,0.37043226
1527,0.39852268,0.3976544
1528,0.3985669,0.4300369
1529,0.3987133,0.32324737
1530,0.3989814,0.4175036
1531,0.39915177,0.31065878
1532,0.4007024,0.33810472
1533,0.40084708,0.36058846
1534,0.40183994,0.46123484
1535,0.4020425,0.47321463
1536,0.4025654,0.3141865
1537,0.40323377,0.35962588
1538,0.40345478,0.39607152
1539,0.4036585,0.38878274
1540,0.40419185,0.34303284
1541,0.40472966,0.36827663
1542,0.4053103,0.33308387
1543,0.40534183,0.4384731
1544,0.4053735,0.23114064
1545,0.40609208,0.36531675
1546,0.40631583,0.35484546
1547,0.40740693,0.44256663
1548,0.4075314,0.43644404
1549,0.40780538,0.36252666
1550,0.4081787,0.38638642
1551,0.40877628,0.43751
1552,0.40926927,0.026368946
1553,0.40937397,0.4239989
1554,0.4094962,0.33775097
1555,0.4095326,0.47533807
1556,0.4096126,0.41612494
1557,0.40985382,0.39202124
1558,0.41006213,0.42271638
1559,0.41017082,0.38461798
1560,0.41045427,0.33305386
1561,0.4105016,0.41163766
1562,0.41104162,0.46171263
1563,0.4110594,0.43529573
1564,0.41126817,0.54951787
1565,0.41186303,0.40461934
1566,0.4119105,0.39803267
1567,0.4123161,0.46605265
1568,0.41265494,0.4268353
1569,0.41267836,0.37380615
1570,0.41426376,0.34358615
1571,0.41508284,0.40758324
1572,0.4151795,0.34613687
1573,0.41524878,0.39064798
1574,0.4157456,0.49861878
1575,0.41582057,0.44964132
1576,0.41737503,0.4293711
1577,0.4177467,0.38257253
1578,0.4178229,0.4654514
1579,0.4184571,0.39059034
1580,0.4189156,0.38284838
1581,0.41936082,0.48754728
1582,0.41978297,0.33355182
1583,0.42018348,0.45377436
1584,0.4203772,0.35287058
1585,0.42126924,0.40998834
1586,0.42133003,0.2018952
1587,0.4215431,0.4407158
1588,0.42198524,0.44809422
1589,0.4222824,0.36613885
1590,0.4229784,0.33172834
1591,0.4235675,0.43224505
1592,0.42368194,0.47010672
1593,0.42440575,0.4494915
1594,0.4250879,0.07097438
1595,0.42534605,0.4520222
1596,0.4257013,0.44875103
1597,0.42617673,0.37728402
1598,0.4263134,0.5249707
1599,0.42677262,0.3959146
1600,0.42700335,0.44401696
1601,0.42709187,0.3619998
1602,0.42797053,0.3268264
1603,0.4280143,0.44929302
1604,0.42837802,0.39603603
1605,0.4286891,0.4723094
1606,0.43045232,0.42340636
1607,0.4316968,0.37358552
1608,0.43190125,0.38046312
1609,0.43203825,0.4279409
1610,0.43204644,0.3482935
1611,0.43207812,0.40847236
1612,0.4321332,0.35276395
1613,0.4322291,0.465727
1614,0.4325918,0.38512722
1615,0.43286267,0.40646383
1616,0.43286914,0.36997598
1617,0.4329283,0.41193378
1618,0.43331638,0.4106875
1619,0.43393093,0.35740006
1620,0.43433166,0.5213926
1621,0.43532756,0.41780323
1622,0.43587348,0.4698514
1623,0.436026,0.46133384
1624,0.43620288,0.43531173
1625,0.43626097,0.3764444
1626,0.43662474,0.36302602
1627,0.43712336,0.42442235
1628,0.43801174,0.35020015
1629,0.43811822,0.21526486
1630,0.4385011,0.48195073
1631,0.43868396,0.41639036
1632,0.43879065,0.47271785
1633,0.43882465,0.389333
1634,0.4393549,0.41843215
1635,0.4393619,0.38603994
1636,0.43963027,0.41651872
1637,0.4397417,0.41214547
1638,0.43974635,0.46483746
1639,0.4400241,0.33209598
1640,0.440407,0.36838
1641,0.440897,0.42202812
1642,0.44096145,0.5067438
1643,0.4409699,0.46721905
1644,0.44107014,0.52024066
1645,0.4412767,0.5533825
1646,0.4413399,0.43957603
1647,0.44150922,0.4526137
1648,0.44176558,0.5464809
1649,0.441768,0.46064776
1650,0.4423889,0.4697268
1651,0.44239718,0.4961063
1652,0.4428119,0.42779267
1653,0.44383815,0.44356453
1654,0.44428673,0.43613905
1655,0.44435653,0.4659777
1656,0.44502574,0.46257478
1657,0.44559017,0.4422685
1658,0.44642293,0.48092952
1659,0.44668457,0.45200738
1660,0.44701576,0.47788477
1661,0.4470874,0.47588766
1662,0.44716752,0.3670566
1663,0.44797692,0.36396444
1664,0.4481957,0.47496888
1665,0.44824415,0.39243078
1666,0.44872594,0.47961065
1667,0.44883043,0.37880278
1668,0.4489034,0.40855774
1669,0.44892228,0.39778084
1670,0.44904006,0.4104411
1671,0.44992417,0.39301163
1672,0.4510398,0.41137975
1673,0.4513541,0.43586788
1674,0.45148188,0.40901935
1675,0.45178604,0.49432603
1676,0.45268756,0.410959
1677,0.45297694,0.42690498
1678,0.45359945,0.3964554
1679,0.45373854,0.4773388
1680,0.4540565,0.47844538
1681,0.45473483,0.43069142
1682,0.45508513,0.39127168
1683,0.45547426,0.4588227
1684,0.45657122,0.4477097
1685,0.45674923,0.42591685
1686,0.45696548,0.4988622
1687,0.4569927,0.4842651
1688,0.45702237,0.49056277
1689,0.45707625,0.4793551
1690,0.45712605,0.5030563
1691,0.4571635,0.49111533
1692,0.45767504,0.48073682
1693,0.45785767,0.44657493
1694,0.45802346,0.47583935
1695,0.4582689,0.40236893
1696,0.4586694,0.43336245
1697,0.45886937,0.55299056
1698,0.45898366,0.19292453
1699,0.45899355,0.44359806
1700,0.4594844,0.5145423
1701,0.45952514,0.3589112
1702,0.45993847,0.43333584
1703,0.46028054,0.5372397
1704,0.46073323,0.38524798
1705,0.46075132,0.43727848
1706,0.4609575,0.41232648
1707,0.46131566,0.52789855
1708,0.46304074,0.49490395
1709,0.4631086,0.4677463
1710,0.46338427,0.43559974
1711,0.46375716,0.4473174
1712,0.46391556,0.6553807
1713,0.46497977,0.58292466
1714,0.46507838,0.47383174
1715,0.46510905,0.51098764
1716,0.4652756,0.43470603
1717,0.4652961,0.5183531
1718,0.4656694,0.513519
1719,0.46576667,0.47716138
1720,0.4658532,0.48618245
1721,0.46644208,0.48010373
1722,0.46663487,0.4382093
1723,0.46729562,0.4618301
1724,0.4684559,0.44768813
1725,0.4688425,0.54318595
1726,0.46968436,0.39928335
1727,0.46977627,0.45739302
1728,0.46987492,0.5152918
1729,0.47026318,0.47471014
1730,0.4710882,0.479729
1731,0.47115728,0.3947055
1732,0.47157893,0.44545186
1733,0.47170663,0.40254363
1734,0.4718854,0.44174266
1735,0.47258162,0.4594643
1736,0.4728271,0.46602196
1737,0.47307205,0.3786123
1738,0.4733701,0.49004275
1739,0.47352514,0.45243657
1740,0.4742503,0.36606482
1741,0.4748022,0.47889638
1742,0.47489032,0.45204735
1743,0.47499517,0.46899858
1744,0.47507486,0.4561437
1745,0.4751114,0.47205117
1746,0.4754526,0.46645504
1747,0.47606862,0.41880018
1748,0.47641712,0.48202753
1749,0.47676268,0.47513136
1750,0.47777677,0.46970165
1751,0.47827187,0.42098057
1752,0.47890013,0.40318805
1753,0.4789293,0.4295499
1754,0.47916037,0.5345558
1755,0.48083448,0.41143835
1756,0.48151323,0.4349528
1757,0.4815385,0.45034933
1758,0.48204613,0.44974563
1759,0.48275825,0.4429587
1760,0.48365277,0.51569545
1761,0.4844794,0.51389664
1762,0.48480833,0.5053815
1763,0.48504034,0.56394345
1764,0.48528436,0.43948963
1765,0.4854478,0.55729157
1766,0.4861497,0.48663777
1767,0.48696852,0.45797917
1768,0.48700532,0.48882625
1769,0.48755977,0.515146
1770,0.4882452,0.4827982
1771,0.48884726,0.45285755
1772,0.48912966,0.48692894
1773,0.48949635,0.48683417
1774,0.48969424,0.52018625
1775,0.49060836,0.7060283
1776,0.4910299,0.42592722
1777,0.4924502,0.5114563
1778,0.49295965,0.23022065
1779,0.49329033,0.48925972
1780,0.4935101,0.4710857
1781,0.49378067,0.50095576
1782,0.49424717,0.4799072
1783,0.49438,0.37477532
1784,0.49483007,0.47846588
1785,0.4955394,0.455837
1786,0.49583092,0.47560304
1787,0.4959232,0.45061535
1788,0.49626005,0.40460446
1789,0.49634373,0.45523286
1790,0.4963738,0.57509214
1791,0.49681827,0.4669745
1792,0.4970228,0.5512157
1793,0.49747622,0.57138604
1794,0.4982265,0.47981653
1795,0.5001043,0.4701396
1796,0.5002783,0.53890747
1797,0.5008447,0.49952507
1798,0.50136346,0.48283184
1799,0.50150144,0.39578104
1800,0.5017645,0.41524726
1801,0.50256974,0.64357936
1802,0.5040372,0.72272044
1803,0.50462776,0.50154895
1804,0.5052622,0.43269137
1805,0.5053362,0.51685596
1806,0.505401,0.5021156
1807,0.5056132,0.5539237
1808,0.50595015,0.39273286
1809,0.50737745,0.25717792
1810,0.5074495,0.47058487
1811,0.5085038,0.39036414
1812,0.5089437,0.44803786
1813,0.5089981,0.49480045
1814,0.5094886,0.44321316
1815,0.5096661,0.65300655
1816,0.51135963,0.45370683
1817,0.5113733,0.5299567
1818,0.5116806,0.48725325
1819,0.51255035,0.43438345
1820,0.5126408,0.49531728
1821,0.51296246,0.48670432
1822,0.5142627,0.43339658
1823,0.51538396,0.34114155
1824,0.51660424,0.42810935
1825,0.5172388,0.2281569
1826,0.5176575,0.5369999
1827,0.51773316,0.6266122
1828,0.5184355,0.5058085
1829,0.51856923,0.55140305
1830,0.5188286,0.48219296
1831,0.51927525,0.34151432
1832,0.5194582,0.45955142
1833,0.5220107,0.4666752
1834,0.5220523,0.49101675
1835,0.522208,0.46224245
1836,0.52331656,0.44784173
1837,0.5236504,0.54062265
1838,0.52381665,0.7066655
1839,0.5239743,0.4966681
1840,0.5241897,0.6309992
1841,0.5246613,0.47201884
1842,0.5251317,0.52698165
1843,0.5251833,0.49975872
1844,0.5254768,0.5042873
1845,0.5258344,0.51116824
1846,0.526499,0.54844016
1847,0.52653587,0.6259705
1848,0.52678335,0.52441585
1849,0.52711904,0.5217083
1850,0.5273667,0.604618
1851,0.5277025,0.46862894
1852,0.52819365,0.47264746
1853,0.52834916,0.55384684
1854,0.52848095,0.3735476
1855,0.52930254,0.34783575
1856,0.5294742,0.54049486
1857,0.5294907,0.5313462
1858,0.5314569,0.43792284
1859,0.5320696,0.3003903
1860,0.53236216,0.70698565
1861,0.5325693,0.53306794
1862,0.5329079,0.57549137
1863,0.5331894,0.51412445
1864,0.5342801,0.47838733
1865,0.5347183,0.47789615
1866,0.5348016,0.47100297
1867,0.53700775,0.52712584
1868,0.5371773,0.5305251
1869,0.5380037,0.46806675
1870,0.53801537,0.5471889
1871,0.5383129,0.503913
1872,0.5383691,0.54337955
1873,0.53935355,0.50352824
1874,0.5400326,0.49683365
1875,0.54218394,0.4825589
1876,0.54236627,0.38044977
1877,0.5425264,0.5435516
1878,0.5432576,0.47872943
1879,0.54362106,0.66416776
1880,0.54394495,0.47118127
1881,0.5446271,0.7050615
1882,0.5450212,0.5219404
1883,0.54564506,0.47256374
1884,0.54610413,0.579128
1885,0.54617226,0.5232426
1886,0.54696953,0.55260086
1887,0.5471435,0.5259088
1888,0.5473798,0.67644846
1889,0.5475153,0.50876963
1890,0.5478532,0.6073657
1891,0.54787654,0.5609505
1892,0.54837507,0.5478594
1893,0.5485666,0.6385119
1894,0.5493595,0.6575433
1895,0.5496291,0.4781983
1896,0.5501472,0.6073165
1897,0.55051494,0.4748293
1898,0.5511847,0.6042808
1899,0.55176574,0.522219
1900,0.55189323,0.50594246
1901,0.5524496,0.5943897
1902,0.55263996,0.5427229
1903,0.5527929,0.5290009
1904,0.55435973,0.50599116
1905,0.5544413,0.51815104
1906,0.55506957,0.63605523
1907,0.5559012,0.7228444
1908,0.5580586,0.51891905
1909,0.55878043,0.66919494
1910,0.56064993,0.49381852
1911,0.56095403,0.4696259
1912,0.5613595,0.44255576
1913,0.56251824,0.44696796
1914,0.5625402,0.5343584
1915,0.5626282,0.48905414
1916,0.56263673,0.51690346
1917,0.56398374,0.14873913
1918,0.5644947,0.55136925
1919,0.56461775,0.650551
1920,0.5647677,0.5877797
1921,0.56485915,0.7251402
1922,0.56590873,0.71734375
1923,0.56617177,0.5785069
1924,0.56621265,0.69169056
1925,0.56657237,0.5100068
1926,0.5671446,0.47672862
1927,0.56765723,0.5735632
1928,0.56773174,0.50400275
1929,0.5679845,0.58059645
1930,0.56887734,0.6099846
1931,0.56996644,0.49227735
1932,0.5711598,0.46003863
1933,0.5716195,0.73795116
1934,0.5720209,0.63034916
1935,0.57257277,0.6037986
1936,0.57307434,0.53899956
1937,0.57374567,0.5357831
1938,0.57414556,0.56411934
1939,0.5744104,0.7281412
1940,0.5762399,0.54310066
1941,0.57662314,0.42962724
1942,0.5767185,0.55470985
1943,0.57688594,0.57413024
1944,0.5772125,0.61476207
1945,0.5790881,0.47951785
1946,0.5790977,0.50936604
1947,0.57973075,0.55559593
1948,0.58002967,0.5636392
1949,0.58021617,0.71386945
1950,0.5808115,0.5858424
1951,0.58118254,0.6088933
1952,0.5813052,0.60840154
1953,0.5823572,0.5867693
1954,0.5830319,0.5546105
1955,0.5841667,0.7230588
1956,0.5843776,0.64739746
1957,0.58482206,0.6318172
1958,0.5850772,0.6005581
1959,0.5856125,0.58080375
1960,0.5863818,0.6998745
1961,0.5863991,0.49622244
1962,0.58781457,0.45168406
1963,0.5891267,0.52931136
1964,0.5894729,0.55782044
1965,0.5906302,0.7047118
1966,0.5909561,0.6509514
1967,0.59379506,0.6371441
1968,0.59470135,0.5019458
1969,0.5950538,0.6797447
1970,0.59740555,0.54738826
1971,0.59748006,0.65032274
1972,0.597494,0.6532476
1973,0.5979663,0.5706337
1974,0.6026835,0.6542449
1975,0.6045178,0.72366226
1976,0.6056058,0.6103339
1977,0.6061082,0.64109075
1978,0.60614395,0.54681623
1979,0.6066618,0.8147812
1980,0.6072597,0.36169887
1981,0.6079635,0.619727
1982,0.6088622,0.635883
1983,0.60901576,0.61539495
1984,0.60957557,0.68566537
1985,0.61030453,0.5277176
1986,0.61125517,0.6506584
1987,0.6119355,0.72574097
1988,0.6119658,0.56932706
1989,0.6121435,0.7502767
1990,0.6125042,0.56554025
1991,0.61398554,0.6679072
1992,0.6140156,0.64847314
1993,0.6142708,0.43402803
1994,0.61506695,0.5994961
1995,0.6154007,0.6437951
1996,0.6156351,0.6321323
1997,0.6169474,0.71903354
1998,0.617506,0.3905428
1999,0.6186298,0.61298686
2000,0.61958265,0.6526176
2001,0.62071,0.5743816
2002,0.62077075,0.6640824
2003,0.6209587,0.67329186
2004,0.62114996,0.675235
2005,0.6211727,0.6264318
2006,0.6214527,0.7025691
2007,0.6223604,0.6303689
2008,0.62272024,0.6171275
2009,0.624028,0.55640733
2010,0.6244157,0.61869836
2011,0.62608457,0.5690405
2012,0.6276586,0.61121005
2013,0.6282073,0.6424237
2014,0.62953234,0.54912066
2015,0.6296588,0.66202873
2016,0.6306196,0.68828845
2017,0.63138235,0.58851534
2018,0.6323664,0.5635682
2019,0.6331458,0.47801936
2020,0.6334589,0.7631762
2021,0.63347656,0.6284863
2022,0.6336575,0.71113
2023,0.6344198,0.6850427
2024,0.63523763,0.69750136
2025,0.6352848,0.7175462
2026,0.63654625,0.59125066
2027,0.63966614,0.68541676
2028,0.6399269,0.702719
2029,0.64053,0.7512077
2030,0.64107925,0.64676994
2031,0.641636,0.6530507
2032,0.64196783,0.67953885
2033,0.64242524,0.47336
2034,0.6430756,0.6846523
2035,0.6431622,0.7004343
2036,0.6433165,0.5525239
2037,0.643666,0.69580114
2038,0.64485556,0.49147147
2039,0.6469175,0.7025481
2040,0.6474858,0.6719219
2041,0.6482365,0.55493164
2042,0.6483203,0.6695816
2043,0.6484319,0.2989102
2044,0.6486841,0.64008766
2045,0.6491108,0.62328315
2046,0.6500589,0.692001
2047,0.65130234,0.7135807
2048,0.65144765,0.512239
2049,0.65190494,0.79192257
2050,0.6524881,0.7136198
2051,0.6536806,0.6451435
2052,0.65408397,0.72895026
2053,0.65544105,0.7654626
2054,0.6565675,0.8412256
2055,0.6577443,0.7748089
2056,0.6583816,0.6332405
2057,0.6589188,0.62590635
2058,0.6642107,0.5745789
2059,0.6642938,0.38160542
2060,0.66436416,0.65760624
2061,0.66573787,0.69112533
2062,0.6657405,0.62570155
2063,0.6660076,0.7162026
2064,0.66786164,0.7558909
2065,0.66793287,0.7422697
2066,0.6682904,0.71920395
2067,0.6683208,0.6827325
2068,0.66846395,0.7951329
2069,0.6704747,0.78667915
2070,0.6710566,0.6470731
2071,0.6717279,0.52772933
2072,0.6719851,0.77093333
2073,0.672242,0.74543464
2074,0.6729549,0.6890898
2075,0.67303133,0.7224281
2076,0.6731353,0.600968
2077,0.67480606,0.6723691
2078,0.6760677,0.72985715
2079,0.67680866,0.67479175
2080,0.6778272,0.758456
2081,0.67840725,0.6950458
2082,0.6789074,0.687146
2083,0.68012935,0.66368544
2084,0.6810261,0.8267892
2085,0.68142796,0.57941836
2086,0.68155783,0.6655912
2087,0.68193656,0.6968366
2088,0.6824901,0.77012837
2089,0.68275034,0.6643861
2090,0.68386483,0.6827482
2091,0.6840042,0.73133147
2092,0.68437386,0.7211273
2093,0.68500113,0.66536915
2094,0.68669266,0.65564144
2095,0.68677455,0.72786486
2096,0.6870448,0.7699537
2097,0.68759775,0.7753691
2098,0.6886528,0.66657734
2099,0.68908477,0.722891
2100,0.6893055,0.69649315
2101,0.69025064,0.79179823
2102,0.6903506,0.7001554
2103,0.69041556,0.74845856
2104,0.69174224,0.45696878
2105,0.69349647,0.7629967
2106,0.6950992,0.7050464
2107,0.69636357,0.6801273
2108,0.6965908,0.69891125
2109,0.6969509,0.7862427
2110,0.69791776,0.7784771
2111,0.6987239,0.7425206
2112,0.69891095,0.72618616
2113,0.69919705,0.722422
2114,0.69992673,0.61019063
2115,0.7000986,0.6396123
2116,0.70074826,0.68408364
2117,0.7009452,0.6758638
2118,0.7011524,0.7817681
2119,0.70224774,0.71245813
2120,0.7026004,0.7259456
2121,0.7036117,0.65010583
2122,0.70528156,0.8036145
2123,0.70648336,0.67896104
2124,0.70669407,0.67488766
2125,0.70686007,0.8356652
2126,0.7071613,0.7295009
2127,0.7072649,0.6690022
2128,0.70751506,0.7996547
2129,0.7078835,0.7308409
2130,0.70834655,0.7938291
2131,0.7087882,0.7374548
2132,0.70970416,0.7036154
2133,0.709802,0.6043933
2134,0.7098723,0.7164288
2135,0.7100271,0.6804066
2136,0.7111145,0.8301872
2137,0.7111192,0.7020699
2138,0.7116928,0.7632892
2139,0.71319497,0.8263402
2140,0.7147881,0.83235383
2141,0.7151009,0.7657284
2142,0.715168,0.72827804
2143,0.7160495,0.7005122
2144,0.7160666,0.73737574
2145,0.7165274,0.7326138
2146,0.7169678,0.67142105
2147,0.7171563,0.7281117
2148,0.7176077,0.70900244
2149,0.71913034,0.791178
2150,0.7196936,0.6320693
2151,0.7221365,0.7015964
2152,0.7227867,0.802397
2153,0.7244111,0.86134875
2154,0.7251368,0.69473076
2155,0.7274398,0.79968303
2156,0.7277836,0.7584559
2157,0.72859484,0.82254755
2158,0.7286679,0.66924286
2159,0.72972137,0.71992964
2160,0.72995913,0.40375
2161,0.730939,0.7220794
2162,0.7312354,0.6874979
2163,0.73134995,0.7274127
2164,0.7348548,0.7860359
2165,0.7353279,0.7451273
2166,0.73582554,0.876986
2167,0.7370964,0.6859412
2168,0.7389841,0.8380463
2169,0.7392617,0.81016326
2170,0.73929715,0.83658147
2171,0.74057,0.8127308
2172,0.7426904,0.6297829
2173,0.7431162,0.76335585
2174,0.74348533,0.74524117
2175,0.74373955,0.81367135
2176,0.74413365,0.921854
2177,0.74422437,0.7982158
2178,0.74445367,0.8021481
2179,0.74494725,0.850348
2180,0.747915,0.70164406
2181,0.75030386,0.63489324
2182,0.7527493,0.73423356
2183,0.7529952,0.8956076
2184,0.75425047,0.8260964
2185,0.7546477,0.88505316
2186,0.7554916,0.8380389
2187,0.7555095,0.8117908
2188,0.7561038,0.69705737
2189,0.7567549,0.7927573
2190,0.75712913,0.6744149
2191,0.75780344,0.8254175
2192,0.7586827,0.8301834
2193,0.7587268,0.84260035
2194,0.75897855,0.87880206
2195,0.75900614,0.80935717
2196,0.7593319,0.6439884
2197,0.7607546,0.7381103
2198,0.7619477,0.8498305
2199,0.76299936,0.71280384
2200,0.76386404,0.73366904
2201,0.764052,0.8734061
2202,0.76493376,0.7640278
2203,0.7668082,0.94742936
2204,0.7677988,0.8701807
2205,0.767805,0.74844366
2206,0.76917434,0.8386957
2207,0.7704172,0.512051
2208,0.77119076,0.80202305
2209,0.7717892,0.7328042
2210,0.7719088,0.82522655
2211,0.7734582,0.84058285
2212,0.7737648,0.85662365
2213,0.77440053,0.7998744
2214,0.77549314,0.85477835
2215,0.77554584,0.8564193
2216,0.7779445,0.8524494
2217,0.77923137,0.6465602
2218,0.7798538,0.63685924
2219,0.7830853,0.87352395
2220,0.7841563,0.8910265
2221,0.78623503,0.80863947
2222,0.7867569,0.9040555
2223,0.786907,0.86544394
2224,0.78708965,0.70831025
2225,0.7871748,0.83751225
2226,0.7882831,0.7372567
2227,0.78832406,0.9522852
2228,0.788583,0.86815333
2229,0.7893926,0.87533593
2230,0.7901331,0.7445637
2231,0.7905261,0.84876627
2232,0.7908386,0.77763724
2233,0.7914764,0.8041581
2234,0.7915983,0.851956
2235,0.79168195,0.8844789
2236,0.79251885,0.69934106
2237,0.79310197,0.6996068
2238,0.79314417,0.8806658
2239,0.793283,0.9351307
2240,0.7961209,0.85109425
2241,0.79653895,0.9348866
2242,0.7972717,0.78473294
2243,0.79849356,0.6721808
2244,0.80061597,0.7169002
2245,0.80099446,0.92561895
2246,0.80126494,0.8587431
2247,0.8014428,0.76579416
2248,0.8039277,0.809155
2249,0.8046155,0.8128643
2250,0.80496997,0.8371228
2251,0.8057619,0.8717592
2252,0.80587584,0.8427069
2253,0.80715024,0.7792016
2254,0.80859154,0.86730874
2255,0.80882263,0.8559975
2256,0.80912584,0.8798223
2257,0.8091853,0.8612906
2258,0.8103796,0.8920906
2259,0.8115928,0.76106703
2260,0.8136544,0.72935295
2261,0.8156628,0.8296287
2262,0.8166277,0.9011126
2263,0.8168916,0.9606061
2264,0.8182138,0.75769186
2265,0.81832737,0.83957946
2266,0.8191278,0.83347476
2267,0.8203029,0.88025075
2268,0.8207078,0.87171006
2269,0.8211165,0.70812845
2270,0.8214861,0.9071088
2271,0.8218468,0.90575504
2272,0.8218703,0.7611556
2273,0.82252437,0.82450503
2274,0.82384616,0.8920888
2275,0.8239736,0.8491285
2276,0.824655,0.8144319
2277,0.82601714,0.9305581
2278,0.82654566,0.94211113
2279,0.8282267,0.8290205
2280,0.829543,0.8180443
2281,0.8307876,0.9006959
2282,0.8310637,0.9054874
2283,0.8313183,0.8879763
2284,0.83166033,0.9407226
2285,0.83213824,0.93513566
2286,0.8321993,0.86398774
2287,0.8345251,0.92970955
2288,0.83468986,0.86698484
2289,0.83503085,0.905669
2290,0.8352701,0.89438844
2291,0.8361228,0.957922
2292,0.8365863,0.9422411
2293,0.83705544,0.86246514
2294,0.8382266,0.792485
2295,0.83977973,0.9150809
2296,0.8404987,0.7905224
2297,0.84182835,0.9079162
2298,0.842112,0.8380463
2299,0.84237444,0.9166639
2300,0.84284604,0.912629
2301,0.8439314,0.9142821
2302,0.84416157,0.8167343
2303,0.8445852,0.8909279
2304,0.84462845,0.8347205
2305,0.8455913,0.93804115
2306,0.846007,0.896479
2307,0.8461932,0.87409663
2308,0.846321,0.82893753
2309,0.84634304,0.8915351
2310,0.84733367,0.9469899
2311,0.84774727,0.84606993
2312,0.84799993,0.92349154
2313,0.8482951,0.85983557
2314,0.8491301,0.86273885
2315,0.85259736,0.86162937
2316,0.85291696,0.8595152
2317,0.85480136,0.8412508
2318,0.85503846,0.8445132
2319,0.85616225,0.8996321
2320,0.85673416,0.9607395
2321,0.8570596,0.9376894
2322,0.8574355,0.7290832
2323,0.8595584,0.8686372
2324,0.86016434,0.92724323
2325,0.8605516,0.9459475
2326,0.8618384,0.9010223
2327,0.8627922,0.9024315
2328,0.8643011,0.9017935
2329,0.8657093,0.820008
2330,0.8661142,0.8462985
2331,0.87004197,0.9250272
2332,0.87173903,0.876685
2333,0.87281686,0.89560413
2334,0.8751672,0.865129
2335,0.8752895,0.9409009
2336,0.87600875,0.9015845
2337,0.8763747,0.675845
2338,0.8772181,0.94172275
2339,0.87947166,0.83371043
2340,0.8831579,0.8692491
2341,0.8848968,0.8910527
2342,0.88835937,0.8727056
2343,0.88891286,0.9523858
2344,0.89011085,0.45272177
2345,0.89028656,0.9500835
2346,0.8912748,0.9080647
2347,0.8918592,0.88626134
2348,0.8919564,0.9415128
2349,0.8920351,0.84991586
2350,0.892384,0.92161214
2351,0.8939211,0.9189189
2352,0.8945961,0.8851603
2353,0.8946705,0.93692124
2354,0.89617777,0.91129106
2355,0.89642096,0.9584254
2356,0.89645797,0.8844079
2357,0.89761245,0.8119048
2358,0.89992183,0.9119523
2359,0.900313,0.94908077
2360,0.90187585,0.94991845
2361,0.90407187,0.95290756
2362,0.9040793,0.66160667
2363,0.9043603,0.9270022
2364,0.9048075,0.48038903
2365,0.91001916,0.88569534
2366,0.91067517,0.8288048
2367,0.9107543,0.9283519
2368,0.91557974,0.9544083
2369,0.9164816,0.90613985
2370,0.91712534,0.9663673
2371,0.9173938,0.94283545
2372,0.9215536,0.89765364
2373,0.92286944,0.9281204
2374,0.9254706,0.9469416
2375,0.92582756,0.7626506
2376,0.9262815,0.98682344
2377,0.92828166,0.76889646
2378,0.92852217,0.8470393
2379,0.9301635,0.9079553
2380,0.93110627,0.9797084
2381,0.93311816,0.92032814
2382,0.9357142,0.9729626
2383,0.9398811,0.58302516
2384,0.94101125,0.9320015
2385,0.94267166,0.99346733
2386,0.9430699,0.917035
2387,0.9439317,0.22258583
2388,0.9475982,0.848109
2389,0.9491742,0.947165
2390,0.95148826,0.9179586
2391,0.9531012,0.9267554
2392,0.9534078,0.9492417
2393,0.95567626,0.9546204
2394,0.9559717,0.9462505
2395,0.95707273,0.90606666
2396,0.9592129,0.86704266
2397,0.96157277,0.92014706
2398,0.96172726,0.9489193
2399,0.96335363,0.9488984
2400,0.9647601,0.9484415
2401,0.97003275,0.9204681
2402,0.9703231,0.92723024
2403,0.97143793,0.9385797
2404,0.97375953,0.9566293
2405,0.97500515,0.91919255
2406,0.97658885,0.9451487
2407,0.97953266,0.98123765
2408,0.9819043,0.9289342
2409,0.984977,0.9679929
2410,0.98689854,0.9188291
2411,0.9881092,0.9143243
2412,0.9882385,0.94427145
2413,0.9899037,0.91812974
2414,0.9903712,0.9037669
2415,0.9937364,0.51698196
2416,0.99478084,0.94491106
2417,0.99863017,0.9541645
2418,1.0,0.93241477
