,y,pred
0,0.03902933,0.011579201
1,0.042829882,0.031874172
2,0.044065844,0.01692016
3,0.04625895,0.032491527
4,0.047855835,0.04526557
5,0.04964231,0.051263258
6,0.0523801,0.042848002
7,0.055267807,0.04618753
8,0.056474134,0.08889966
9,0.057279013,0.025543673
10,0.057590276,0.053786505
11,0.06147097,0.06002842
12,0.062034376,0.071049616
13,0.063751504,0.07830788
14,0.0641378,0.06648399
15,0.06471911,0.07754466
16,0.064732134,0.05974888
17,0.06551271,0.056644842
18,0.067138955,0.070086665
19,0.067228265,0.11713608
20,0.070232935,0.06777348
21,0.070323735,0.06833361
22,0.070507236,0.09582469
23,0.07171637,0.07610573
24,0.07240957,0.10597667
25,0.073237546,0.103965946
26,0.0756184,0.07306686
27,0.07776263,0.05581934
28,0.07935171,0.10507916
29,0.08055668,0.12111181
30,0.080940254,0.132505
31,0.081427366,0.05784258
32,0.083768554,0.12962288
33,0.084170446,0.1368699
34,0.084432006,0.08007421
35,0.085390076,0.12899442
36,0.085444525,0.08926647
37,0.08550956,0.116477236
38,0.08786674,0.043174595
39,0.08869626,0.09165362
40,0.089135095,0.09376932
41,0.08970286,0.08525186
42,0.089711696,0.09802224
43,0.09359777,0.15575641
44,0.09425373,0.018182617
45,0.094318956,0.094383955
46,0.098449044,0.08627482
47,0.09847361,0.12235998
48,0.10109743,0.1193035
49,0.10120632,0.12027421
50,0.101294845,0.079675324
51,0.10244814,0.09219169
52,0.102852814,0.12193353
53,0.10440973,0.07729292
54,0.10447798,0.09498226
55,0.104948595,0.12867133
56,0.106839135,0.12900767
57,0.106902085,0.074759156
58,0.1070826,0.13366202
59,0.10708847,0.1277973
60,0.10745489,0.09407838
61,0.10746115,0.12711507
62,0.10850439,0.13051379
63,0.11023808,0.12217186
64,0.11156565,0.11880302
65,0.11210982,0.10839749
66,0.116207115,0.15690482
67,0.116363294,0.16227871
68,0.11703474,0.13072881
69,0.11739528,0.1737481
70,0.11742217,0.10016045
71,0.11909094,0.08595505
72,0.11932104,0.15437388
73,0.122780085,0.14800353
74,0.12321622,0.13600996
75,0.12679234,0.09122448
76,0.12713166,0.14459315
77,0.1279712,0.11656062
78,0.12854253,0.14847195
79,0.12935871,0.18248862
80,0.13080783,0.14977351
81,0.13126132,0.13596517
82,0.13202503,0.1217613
83,0.13680238,0.1509184
84,0.1376738,0.13076225
85,0.13798931,0.16336271
86,0.13956666,0.15803489
87,0.13960008,0.12718159
88,0.14064384,0.15341195
89,0.14080691,0.15402198
90,0.14095116,0.18035203
91,0.14142805,0.12357061
92,0.14212401,0.14515525
93,0.14281133,0.15647295
94,0.14458744,0.18531826
95,0.14543515,0.13601404
96,0.14547914,0.19799659
97,0.14641735,0.181117
98,0.14666477,0.13442817
99,0.14681585,0.2122351
100,0.14970167,0.16101861
101,0.14995618,0.1092994
102,0.15079783,0.18949646
103,0.15087864,0.19806796
104,0.15185963,0.23884735
105,0.15241365,0.142595
106,0.15247688,0.16876552
107,0.15265939,0.17585713
108,0.15275586,0.17499116
109,0.15348963,0.15801525
110,0.15381229,0.21064767
111,0.15753537,0.18395647
112,0.15887883,0.17090812
113,0.16146824,0.14011696
114,0.16211373,0.09964858
115,0.16307832,0.1709004
116,0.1637391,0.17128572
117,0.1649802,0.17220157
118,0.16581157,0.17564934
119,0.16614269,0.19807714
120,0.16715626,0.15150172
121,0.16751237,0.18965739
122,0.17102303,0.21697658
123,0.17175236,0.16057721
124,0.1727242,0.1839129
125,0.17282665,0.15617222
126,0.17697689,0.18686736
127,0.17767431,0.17684168
128,0.18216157,0.23086983
129,0.18322563,0.16975448
130,0.18335605,0.19919145
131,0.18514097,0.19330537
132,0.19053695,0.16060641
133,0.19224054,0.20280015
134,0.19267878,0.1664108
135,0.19363973,0.2184
136,0.19454165,0.17592248
137,0.19631568,0.14478308
138,0.19711357,0.21039838
139,0.19727887,0.16624779
140,0.19978988,0.17864802
141,0.20285204,0.16574317
142,0.20286658,0.18243474
143,0.20406638,0.22904593
144,0.20443274,0.1617786
145,0.20594193,0.20411515
146,0.20682572,0.22529548
147,0.20748518,0.21123463
148,0.20819007,0.19726813
149,0.20825931,0.24155709
150,0.211174,0.2026929
151,0.21370383,0.14045957
152,0.2141637,0.21267974
153,0.21456826,0.23901701
154,0.21473452,0.24210182
155,0.21596693,0.18355626
156,0.21947758,0.24196586
157,0.22095454,0.2117925
158,0.22102563,0.25272885
159,0.22103494,0.23383415
160,0.22120683,0.23431545
161,0.22131582,0.20325586
162,0.22317223,0.19353825
163,0.22331025,0.24515262
164,0.2239393,0.22820386
165,0.22591461,0.26797366
166,0.22684282,0.27538314
167,0.2270123,0.22377354
168,0.2295168,0.21211967
169,0.2300571,0.22236192
170,0.23234318,0.22579873
171,0.2327293,0.21347535
172,0.235103,0.25330105
173,0.23697032,0.25971135
174,0.23731287,0.28534624
175,0.23984154,0.38059872
176,0.24144797,0.24295568
177,0.24262774,0.25526688
178,0.24288563,0.3048675
179,0.24304175,0.26725677
180,0.24500722,0.20465511
181,0.24580817,0.22949788
182,0.24735153,0.25041655
183,0.2480341,0.23671922
184,0.25230518,0.23244983
185,0.25637355,0.30137163
186,0.25661197,0.20685154
187,0.25853992,0.30058318
188,0.25968003,0.29376405
189,0.2652077,0.25902712
190,0.26638064,0.21218681
191,0.266439,0.25791422
192,0.26689297,0.25810555
193,0.26756084,0.25833526
194,0.26806656,0.22899845
195,0.2690683,0.2903369
196,0.27015728,0.29458874
197,0.2744327,0.25654766
198,0.27458987,0.2435804
199,0.27579555,0.21660453
200,0.27642357,0.17406207
201,0.2767376,0.32038474
202,0.2808584,0.27830344
203,0.28343666,0.31666702
204,0.2841581,0.29356468
205,0.28590736,0.23805541
206,0.2861898,0.38847885
207,0.28740057,0.29569685
208,0.29022095,0.24172589
209,0.29075384,0.25702655
210,0.2919055,0.32147232
211,0.29337555,0.29410025
212,0.29403573,0.29896966
213,0.2955293,0.31040993
214,0.29862452,0.3162855
215,0.30141968,0.38009512
216,0.30503768,0.29532647
217,0.30912095,0.37722847
218,0.31101894,0.34787995
219,0.31192413,0.31339496
220,0.3132145,0.30867213
221,0.31473774,0.32689035
222,0.31755707,0.32650554
223,0.32166904,0.31474447
224,0.32264465,0.33932745
225,0.32278866,0.35685018
226,0.32320312,0.35980773
227,0.32448402,0.30303583
228,0.32541278,0.35463202
229,0.32763943,0.31468454
230,0.3297092,0.35037145
231,0.3348993,0.3209126
232,0.33693105,0.4172893
233,0.33751097,0.33183947
234,0.3385807,0.31568646
235,0.3388945,0.34874418
236,0.3392048,0.3135661
237,0.34059703,0.33284563
238,0.34238288,0.37540168
239,0.3457134,0.3093518
240,0.34776035,0.37528646
241,0.35225347,0.3755899
242,0.35257357,0.38172346
243,0.36160898,0.3363762
244,0.36218047,0.37206006
245,0.36508298,0.45158538
246,0.3664089,0.4074297
247,0.36700767,0.39232582
248,0.37104368,0.38803124
249,0.37118098,0.39545268
250,0.3717143,0.36175734
251,0.37341478,0.32290578
252,0.37940174,0.39438242
253,0.38004744,0.31761783
254,0.3806601,0.41439265
255,0.38232112,0.36273712
256,0.38356677,0.46101904
257,0.38398904,0.3740055
258,0.38610592,0.37616634
259,0.38762486,0.41213304
260,0.38828892,0.3351957
261,0.3928809,0.33186498
262,0.3935391,0.3786227
263,0.39613485,0.4657054
264,0.39677876,0.45183653
265,0.39832357,0.42774534
266,0.4076391,0.47774476
267,0.4119025,0.39182067
268,0.4123141,0.4911548
269,0.41381988,0.44318128
270,0.41893658,0.38288966
271,0.4243383,0.48839384
272,0.4260199,0.44512957
273,0.42622596,0.39369363
274,0.43160436,0.3688202
275,0.43269137,0.4544968
276,0.43786418,0.4464345
277,0.4438729,0.43575722
278,0.4500622,0.45481515
279,0.46428838,0.52647966
280,0.46751627,0.4718281
281,0.47366402,0.5321045
282,0.47790763,0.5719127
283,0.48478758,0.48834422
284,0.4907315,0.4907168
285,0.49881136,0.42472574
286,0.50150913,0.5802042
287,0.50615424,0.45827228
288,0.5064745,0.495698
289,0.5070181,0.5331355
290,0.507287,0.5381747
291,0.5095065,0.5257839
292,0.5188962,0.5409554
293,0.5191321,0.4969658
294,0.52073896,0.5002032
295,0.52485627,0.50610846
296,0.531714,0.6242327
297,0.5344528,0.49602658
298,0.54674125,0.64454037
299,0.55080837,0.5894459
300,0.5522821,0.61561793
301,0.56136066,0.59078956
302,0.56871176,0.60898703
303,0.57330734,0.57718676
304,0.5735127,0.5097444
305,0.57541287,0.63797486
306,0.58282137,0.5760872
307,0.61004704,0.62541336
308,0.6115252,0.64975685
309,0.615545,0.59038574
310,0.625528,0.585617
311,0.6269873,0.65610164
312,0.6358117,0.6903128
313,0.63736695,0.66379625
314,0.64505196,0.59338343
315,0.64765966,0.68605226
316,0.652629,0.6643518
317,0.6544639,0.67582077
318,0.65788364,0.65937597
319,0.667822,0.8231569
320,0.66993123,0.6607375
321,0.6816478,0.49009776
322,0.6889613,0.68812716
323,0.6890038,0.7636343
324,0.6938014,0.72530663
325,0.695616,0.7439402
326,0.69716835,0.72423154
327,0.7086035,0.7047097
328,0.70873165,0.7083538
329,0.73737013,0.7979651
330,0.75751084,0.7749694
331,0.76197314,0.6636685
332,0.76429397,0.81035715
333,0.76465845,0.8636363
334,0.76875323,0.7788852
335,0.77414685,0.817718
336,0.78148377,0.8114843
337,0.7881802,0.8376978
338,0.7908207,0.4096186
339,0.79732186,0.8032451
340,0.80384004,0.72035295
341,0.81785214,0.70917684
342,0.8276375,0.81733197
343,0.83709854,0.9469736
344,0.84241736,0.80371785
345,0.8558546,0.8092294
346,0.87001526,0.75841606
347,0.8774146,0.8400869
348,0.88825065,0.8451578
349,0.9182193,0.67874986
350,0.9258585,0.92109734
351,0.9290047,0.8080697
352,0.9486896,0.9297022
353,0.9953968,0.8542877
