smiles,static_polarizability,fitness,static_polarizability_pred_original,vdw_volume,refractive_index
C=CC(=O)OCC,0.032424101902208,-0.0001204370689008,44.37538002186796,102.98072071093875,1.2911032963273044
C=CC(=O)OCC#N,0.032424101902208,-0.0001956804823491,44.37538002186796,103.30056000596753,1.2901261064485867
C=CC(=O)OC(F)(F)CF,0.032424101902208,-0.0011303589511301,44.37538002186796,119.54248433860415,1.2479500772061551
C=CC(=O)OCC=O,0.0347165850768442,-0.0015717620184068,45.5458480018746,105.62159349552924,1.291328685893651
C=CC(=O)OCCF,0.0347165850768442,-0.0019235027799959,45.5458480018746,108.33328915152046,1.2834391434298398
C=CC(=O)OCC(F)F,0.0347165850768442,-0.0025815801849011,45.5458480018746,114.20113701055656,1.2677656821175471
C=CC(=O)OCC(F)(F)F,0.0347165850768442,-0.0027659783293847,45.5458480018746,118.87365593942664,1.256486000174703
C=CC(=O)OCCO,0.0370090682514804,-0.0003736685506206,46.716315981881245,112.30387344760052,1.2802036616507828
C=CC(=O)OC=C,0.0370090682514804,-0.0006229724279743,46.716315981881245,96.3593829439334,1.3311060411851692
C=CC(=O)OCBr,0.0370090682514804,-0.0012106340833801,46.716315981881245,105.45469870343688,1.299985602469048
C=CC(=O)OCOC,0.0370090682514804,-0.0030716727963787,46.716315981881245,112.35633697721568,1.2800623328980771
C=CC(=O)OC(C)O,0.0370090682514804,-0.0050619128636223,46.716315981881245,112.28174504017096,1.2802633155618524
C=CC(=O)OC1CN1,0.0393015514261166,-0.0003767912142832,47.88678396188788,107.6221192288214,1.3014260563757012
C=CC(=O)OCCN,0.0415940346007528,-0.0099673507923898,49.05725194189451,115.7446252255872,1.2859325263340973
C=CC(=O)OCC#C,0.043886517775389,-0.001233266336056,50.22771992190116,107.64320047239326,1.3174829063203386
C=CC(=O)OC(Cl)Cl,0.043886517775389,-0.0019487984057938,50.22771992190116,116.9446963480481,1.290070725034142
C=CC(=O)OCCCl,0.043886517775389,-0.002079745424124,50.22771992190116,118.47707379193716,1.2860086244912114
C=CC(=O)OCCC,0.0461790009500252,-0.0009774596331847,51.39818790190781,120.13454125883176,1.288854892972875
C=CC(=O)OC(C)(C)F,0.0461790009500252,-0.0095108293829692,51.39818790190781,125.04747683857548,1.2766044798758616
C=CC(=O)OC(C)C#N,0.0484714841246614,-9.233111143206602e-05,52.568655881914445,120.31524969847824,1.2955161636927357
C=CC(=O)OC1CCO1,0.0484714841246614,-0.0001121124029168,52.568655881914445,119.25889012746217,1.298362177179541
C=CC(=O)OCCC#N,0.0484714841246614,-0.0007208024859437,52.568655881914445,120.88361673853623,1.2940075609730597
C=CC(=O)OCCCF,0.0484714841246614,-0.000843979626893,52.568655881914445,125.65164501932918,1.2819413975041658
C=CC(=O)OCC=C,0.0484714841246614,-0.001021642446517,52.568655881914445,113.813558398379,1.3139629119147256
C=CC(=O)OCC1CO1,0.0484714841246614,-0.0017837623357763,52.568655881914445,120.60279575420871,1.2947509790772378
C=CC(=O)OC(C(F)(F)F)C(F)(F)F,0.0484714841246614,-0.002500865817069,52.568655881914445,151.3904736300815,1.2309365391636211
C=CC(=O)OCC(F)(F)C(F)(F)F,0.0507639672992976,-0.00026271011813,53.73912386192108,147.0280821731484,1.2438833857274398
C=CC(=O)Oc1nn[nH]n1,0.0507639672992976,-0.0029038089873043,53.73912386192108,114.22233113630416,1.3203659205155358
C=CC(=O)OC(O)CC,0.0507639672992976,-0.0051822428046019,53.73912386192108,128.59622124462035,1.2815933574479241
C=CC(=O)OCCBr,0.0507639672992976,-0.0053346912922112,53.73912386192108,124.47461455906512,1.2917027120784954
C=CC(=O)OC=CC,0.0530564504739338,-0.0029134023067051,54.909591841927714,113.62022484377366,1.3299483634464058
C=CC(=O)OC(=C)C=O,0.0530564504739338,-0.0064649005356734,54.909591841927714,117.01121936125908,1.3194624367613386
C=CC(=O)OC(=C)C,0.0530564504739338,-0.0076457205292278,54.909591841927714,113.46133858219946,1.330456893151841
C=CC(=O)OC(C)CO,0.0530564504739338,-0.0088488069299167,54.909591841927714,128.2752125113325,1.289017511996965
C=CC(=O)OC(=C)C#N,0.05534893364857,-0.001005702626212,56.08005982193436,115.83442171867064,1.330599735594333
C=CC(=O)OCCC(=O)O,0.05534893364857,-0.0015566824262304,56.08005982193436,132.83400967414016,1.2847215241265215
C=CC(=O)OCC(C)=O,0.05534893364857,-0.0017029689366654,56.08005982193436,121.70095510770106,1.313158814996808
C=CC(=O)OCCCO,0.05534893364857,-0.0024995067829923,56.08005982193436,128.70801524863913,1.2946282005889997
C=CC(=O)OCC(F)(F)C(F)F,0.05534893364857,-0.0056378012781305,56.08005982193436,140.86534273633035,1.267252977529487
C=CC(=O)OC(O)CCO,0.05534893364857,-0.0084823360924883,56.08005982193436,138.458404985557,1.2722561087552833
C=CC(=O)OCC(C)O,0.0576414168232062,-0.0011967905216791,57.25052780194101,129.21615739849204,1.3000307165088512
C=CC(=O)OCCS,0.0576414168232062,-0.0012160241954901,57.25052780194101,120.9965328646727,1.3223681965573588
C=CC(=O)OCC(O)CO,0.0576414168232062,-0.0021379254407307,57.25052780194101,137.95852931288516,1.2794778340945159
C=CC(=O)OCC(=O)OC,0.0576414168232062,-0.0142188854866602,57.25052780194101,132.21400706416745,1.2926459181274703
C=CC(=O)OCCI,0.0599338999978424,-0.0007056714006542,58.42099578194764,133.17124434049816,1.296814545955694
C=CC(=O)OCC(N)C(=O)O,0.0599338999978424,-0.001051358043325,58.42099578194764,143.61181912766824,1.2735353825352298
C=CC(=O)OCOP(=O)(O)O,0.0599338999978424,-0.0013283052452682,58.42099578194764,144.06047061243189,1.272617622778615
C=CC(=O)OCCN=C=O,0.0599338999978424,-0.0018921093054889,58.42099578194764,129.2740727488895,1.3065695356477285
C=CC(=O)OCCCC,0.0622263831724786,-0.0003088059196806,59.59146376195427,138.03040173868442,1.2917023548986761
C=CC(=O)OC1CCCO1,0.0622263831724786,-0.0011550320019387,59.59146376195427,134.73988293969535,1.2994489359770363
C=CC(=O)Oc1ccn[nH]1,0.0622263831724786,-0.0041601864328049,59.59146376195427,121.98408329677989,1.3338942954280875
C=CC(=O)OCNC=C,0.0622263831724786,-0.0130031613340043,59.59146376195427,125.70204558548475,1.3230491922966316
C=CC(=O)OCC(C)Cl,0.0645188663471147,-0.0007622938286855,60.76193174196087,134.82536730976324,1.3056490104346294
C=CC(=O)OCCCBr,0.0645188663471147,-0.0007747288477018,60.76193174196087,139.27910668472742,1.295028325249239
C=CC(=O)OC1C=CS1,0.0645188663471147,-0.000978070093353,60.76193174196087,122.45646270664434,1.3396857459393805
C=CC(=O)OCCCC#N,0.0645188663471147,-0.0023466322887346,60.76193174196087,138.8869960447274,1.2959332212178358
C=CC(=O)OCC(=C)C,0.0645188663471147,-0.0047308851349756,60.76193174196087,130.30356522322066,1.317257546170482
C=CC(=O)OC1COC(=O)C1,0.066811349521751,-0.0003779415978245,61.93239972196756,139.13650587107958,1.3015490063820288
C=CC(=O)OC1CCOC1=O,0.066811349521751,-0.0006845782505222,61.93239972196756,137.592460391905,1.305237475925637
C=CC(=O)OCC=CC,0.066811349521751,-0.0009264315472789,61.93239972196756,130.8267432582057,1.3225432035169267
C=CC(=O)OC(C)(C(F)(F)F)C(F)(F)F,0.066811349521751,-0.0015031288372226,61.93239972196756,168.82634957093362,1.2448360935097595
C=CC(=O)OCC(O)CC,0.066811349521751,-0.0028257106436542,61.93239972196756,145.17540723003518,1.2879518922177382
C=CC(=O)OCC(F)(F)C(F)C(F)(F)F,0.066811349521751,-0.0060199278401084,61.93239972196756,169.55472480752303,1.2437143915874558
C=CC(=O)OCC(C)C,0.0691038326963871,-0.000233930195859,63.10286770197414,136.08467485341447,1.315315907925196
C=CC(=O)OC(C#N)(C(F)(F)F)C(F)(F)F,0.0691038326963871,-0.0003175394281834,63.10286770197414,169.31140753791672,1.249015381629858
C=CC(=O)OCc1cn[nH]n1,0.0691038326963871,-0.0011051861897021,63.10286770197414,135.3993514119694,1.3170634032518143
C=CC(=O)OC(C)(C)C,0.0691038326963871,-0.0026234047159642,63.10286770197414,136.7279163522841,1.3136934328384524
C=CC(=O)OCCC=C,0.0691038326963871,-0.0047133819803684,63.10286770197414,129.5070991680437,1.3329422975936935
C=CC(=O)OCCCN=C=O,0.0713963158710233,-0.0001214318258993,64.27333568198078,147.25171950606824,1.2951942836587016
C=CC(=O)OCCCCO,0.0713963158710233,-0.0002649552838571,64.27333568198078,145.28299021875404,1.2995451004526035
C=CC(=O)OCCC(F)(F)C(F)(F)F,0.0713963158710233,-0.0021260954158075,64.27333568198078,164.0383771374144,1.2627175410422513
C=CC(=O)On1cccn1,0.0736887990456595,-0.0007069124799742,65.44380366198743,122.94904506426492,1.3672300853640085
C=CC(=O)OC(F)(F)C(F)(F)C(C)(F)F,0.0736887990456595,-0.000893747903727,65.44380366198743,170.01029429874353,1.2577737966275586
C=CC(=O)OCCC(Cl)Cl,0.0736887990456595,-0.0009068236726746,65.44380366198743,150.37250842180015,1.294258057360388
C=CC(=O)OCC(Cl)CCl,0.0736887990456595,-0.0014616386074051,65.44380366198743,150.40945725951823,1.2941795730361498
C=CC(=O)OCCCOC,0.0759812822202957,-0.000745021329335,66.61427164199405,146.1582755475933,1.3094225576890228
C=CC(=O)OCC(F)(F)C(F)(F)C(F)(F)F,0.0759812822202957,-0.0012258370975769,66.61427164199405,174.1047761783374,1.2561025883780608
C=CC(=O)OCC1COC(=O)O1,0.0759812822202957,-0.0022703105946265,66.61427164199405,147.09006813212596,1.3072837546276268
C=CC(=O)OC=CCC,0.0759812822202957,-0.0026638726134978,66.61427164199405,131.036419804725,1.348918477115614
C=CC(=O)OCCC(C)O,0.0759812822202957,-0.00322919286687,66.61427164199405,144.4673820345549,1.3133820335146575
C=CC(=O)OCCC(=O)NC,0.0759812822202957,-0.0039087826748572,66.61427164199405,153.3938854333554,1.2935667998855631
C=CC(=O)OCC(C)(C)C=O,0.0782737653949319,-0.0004277002313195,67.7847396220007,155.19558854519852,1.2954026264166987
C=CC(=O)OCCCC=C,0.0782737653949319,-0.0012944709756433,67.7847396220007,147.3763667238732,1.3125205900773493
C=CC(=O)OC(F)(F)C(C)(CF)C(F)(F)F,0.0782737653949319,-0.001538351526016,67.7847396220007,185.32669215854784,1.2440653281873533
C=CC(=O)OCCC(C)C,0.0782737653949319,-0.0038511831066549,67.7847396220007,152.97956480549266,1.3000576574586475
C=CC(=O)OCCCCCO,0.0805662485695681,-4.551086505405477e-06,68.95520760200735,163.45982023879313,1.2844782367030734
C=CC(=O)OCCC=CC,0.0805662485695681,-0.0007080820464291,68.95520760200735,147.41862640395937,1.3183311249282565
C=CC(=O)OCC(Br)CBr,0.0805662485695681,-0.0016307297087511,68.95520760200735,160.8543562840106,1.2894713645421547
C=CC(=O)OCC(C)(C)CO,0.0805662485695681,-0.002587257597526,68.95520760200735,162.07479587054272,1.2871105588876306
C=CC(=O)OC1CCCCO1,0.0805662485695681,-0.0027873280382952,68.95520760200735,152.33429068962252,1.307118190348706
C=CC(=O)OCCCCC,0.0805662485695681,-0.0036811667419276,68.95520760200735,154.35484639425704,1.3027384087630631
C=CC(=O)OCC(C)CC,0.0828587317442043,-2.497643479268397e-05,70.12567558201398,154.3539892457934,1.3083474427074522
C=CC(=O)OC(F)(F)C(F)(F)C(F)(F)C(C)(F)F,0.0828587317442043,-0.0002922469352825,70.12567558201398,196.4357812042657,1.2378368638273594
C=CC(=O)OCC(C#N)CC,0.0828587317442043,-0.000671719906245,70.12567558201398,154.47989137054282,1.308073177159582
C=CC(=O)OC(F)CCCC,0.0828587317442043,-0.0008689889287098,70.12567558201398,158.44038296986147,1.2996915374116715
C=CC(=O)OCCC(C)OC,0.0828587317442043,-0.000989424290742,70.12567558201398,162.8774779999743,1.2908343661772064
C=CC(=O)OCCCCBr,0.0851512149188405,-0.0001661002848035,71.29614356202063,156.51771918041925,1.309234867637425
C=CC(=O)OCc1ccco1,0.0851512149188405,-0.0007598355200403,71.29614356202063,140.64732110800443,1.3478154941117426
C=CC(=O)OCC(C)(C)C,0.0851512149188405,-0.0071942106101399,71.29614356202063,152.97586238805133,1.3170718911588324
C=CC(=O)OC(C)CCC,0.0851512149188405,-0.0073587864849454,71.29614356202063,153.58402240475516,1.3156976364131772
C=CC(=O)OCC(C)(CO)CO,0.0874436980934767,-0.0001123362330766,72.46661154202725,170.2644721204626,1.2872268022753917
C=CC(=O)OC(C)(C)C(=O)OC,0.0874436980934767,-0.0006897485705046,72.46661154202725,166.45294417535007,1.2943657702958353
C=CC(=O)Oc1ccccn1,0.0874436980934767,-0.002184953436437,72.46661154202725,136.4147839653526,1.3664126948986504
C=CC(=O)OCCN=C=S,0.0874436980934767,-0.0042354279307694,72.46661154202725,138.39455686814046,1.3605736101691865
C=CC(=O)OCCCCCl,0.0874436980934767,-0.0054201445432333,72.46661154202725,151.99465780283467,1.3250710653171893
C=CC(=O)OCCCCCCl,0.0897361812681129,-0.0012274058967659,73.6370795220339,169.85413177075853,1.2930252578272563
C=CC(=O)OCC(F)(F)C(F)(F)C(F)(F)C(F)F,0.0897361812681129,-0.0016099689096381,73.6370795220339,195.8476723580156,1.2513645362217012
C=CC(=O)OCCCSC,0.0897361812681129,-0.0029722350150177,73.6370795220339,156.17370769452384,1.321134552428915
C=CC(=O)OC=CC=C,0.0897361812681129,-0.004336017140763,73.6370795220339,126.1126201677091,1.4075461436826857
C=CC(=O)OC(C)(C)CC,0.0897361812681129,-0.0056951838046142,73.6370795220339,153.97811462280615,1.32616486628397
C=CC(=O)OCCCCCC,0.0897361812681129,-0.0061202672809531,73.6370795220339,170.87116158245664,1.2911335575630645
C=CC(=O)Oc1ccccc1,0.0920286644427491,-0.0001824516980362,74.80754750204053,140.14576933140825,1.3683859528746258
C=CC(=O)OCc1ccncc1,0.0920286644427491,-0.0002467166455077,74.80754750204053,154.07663427787088,1.3316387088701502
C=CC(=O)OCCC(=O)CCC,0.0920286644427491,-0.0009612906901551,74.80754750204053,172.58651731423043,1.2929653013908207
C=CC(=O)OC(C)CC(C)C,0.0920286644427491,-0.001176984998436,74.80754750204053,169.92891598249471,1.2979456556585425
C=CC(=O)Oc1cccs1,0.0920286644427491,-0.0057349968878937,74.80754750204053,130.36496317847758,1.3995932029760356
C=CC(=O)OCCS(C)(=O)=O,0.0943211476173853,-0.0001693655881429,75.97801548204718,154.8375528592738,1.3355347782420603
C=CC(=O)OCCC(C)(C)C,0.0943211476173853,-0.0004939819541429,75.97801548204718,168.9811648895627,1.304874811256354
C=CC(=O)OC(C)CCCC,0.0943211476173853,-0.0007789720925832,75.97801548204718,170.09869772396902,1.3026929766077713
C=CC(=O)OCC(F)(F)C(F)(F)C(F)(F)C(F)(F)F,0.0943211476173853,-0.0018423115047956,75.97801548204718,201.5676290885907,1.2520394821581626
C=CC(=O)OC1C(=O)OCC1(C)C,0.0943211476173853,-0.002226314428761,75.97801548204718,170.99612632995564,1.3009636846662564
C=CC(=O)OC(C)(CC)CC,0.0943211476173853,-0.0025780285563921,75.97801548204718,172.01661317151553,1.2990214768709722
C=CC(=O)OCC1CCC=CO1,0.0943211476173853,-0.003159440043881,75.97801548204718,162.45294047078085,1.3182874906770925
C=CC(=O)OC(C)(C)CCC,0.0966136307920215,-4.173721072642245e-07,77.14848346205382,172.1591176192847,1.30376575753093
C=CC(=O)OC(C)CC(O)(C(F)(F)F)C(F)(F)F,0.0966136307920215,-0.0030435098801853,77.14848346205382,210.7559514434279,1.2442773651620749
C=CC(=O)OCc1cccs1,0.0989061139666577,-0.0001453019535998,78.31895144206045,148.1213125329444,1.3645092975132473
C=CC(=O)OCC(F)(F)C(F)(F)C(F)(F)C(F)(F)C(F)(F)F,0.0989061139666577,-0.0004964925206164,78.31895144206045,228.6452272360188,1.2276178753299696
C=CC(=O)OC1CC(=O)N(C)C1=O,0.0989061139666577,-0.0010865546905537,78.31895144206045,161.98675984434558,1.330111245834295
C=CC(=O)Oc1ccc(F)cc1,0.0989061139666577,-0.0031959705197354,78.31895144206045,145.0768981846361,1.373065744652686
C=CC(=O)OC1CCCCC1O,0.0989061139666577,-0.00664448811178,78.31895144206045,168.10966371170738,1.316936856563394
C=CC(=O)Oc1cccc(O)c1,0.1011985971412939,-8.551936528264359e-05,79.4894194220671,149.26556431661805,1.3674249438023798
C=CC(=O)Oc1cccnc1,0.1011985971412939,-0.0003650204457956,79.4894194220671,135.76731856209665,1.4088009639694172
C=CC(=O)OC1(C)CCCC1,0.1011985971412939,-0.0017656848945337,79.4894194220671,160.56273041661063,1.338835732769349
C=CC(=O)OCC1COC(C)(C)O1,0.1011985971412939,-0.0020854936160761,79.4894194220671,176.3767612911942,1.3056551502837606
C=CC(=O)OCC1(CC)COC1,0.1011985971412939,-0.0035838766775411,79.4894194220671,168.45047545008717,1.3214172721277724
C=CC(=O)OCC(C)CCC,0.1011985971412939,-0.0081678240380567,79.4894194220671,168.7893455999331,1.3207096467562511
C=CC(=O)OC12CCC(CC1)C2,0.1034910803159301,-0.0013335620482985,80.65988740207374,165.86060293590333,1.3322327312393716
C=CC(=O)Oc1ccc(F)c(F)c1F,0.1034910803159301,-0.0027423029264037,80.65988740207374,156.86505414609815,1.3533643739856176
C=CC(=O)OCC(CC)CC,0.1034910803159301,-0.0048496673385079,80.65988740207374,170.80661387640467,1.3216737788850288
C=CC(=O)OC1CC2CCC1C2,0.1034910803159301,-0.0054817149917061,80.65988740207374,166.28328244331962,1.3313028850343012
C=CC(=O)OC(C#N)(C(F)(F)Cl)C(F)(F)Cl,0.1034910803159301,-0.0095296626409117,80.65988740207374,190.2479473846267,1.2860289334377313
C=CC(=O)OC(C)CCCCC,0.1103685298398386,-0.0004414892360318,84.1712913420936,187.36468929430865,1.3045892269736767
C=CC(=O)OC1CC2C=CC1C2,0.1103685298398386,-0.0017013004585851,84.1712913420936,159.75432834678097,1.363072816111808
C=CC(=O)OCCCCCC(O)O,0.1103685298398386,-0.0021529966429125,84.1712913420936,189.84916634877075,1.3002507713496325
C=CC(=O)OC(C(F)(F)F)(C(F)(F)F)C(Cl)(Cl)Cl,0.1103685298398386,-0.0027885833218943,84.1712913420936,213.0977232988525,1.2650010881841662
C=CC(=O)Oc1cccc(O)c1O,0.1103685298398386,-0.0042946809366594,84.1712913420936,159.05611729479352,1.3648505137324265
C=CC(=O)Oc1c(F)c(F)c(F)c(F)c1F,0.1103685298398386,-0.0063136020139109,84.1712913420936,167.14725468956766,1.3452793285691242
C=CC(=O)OC(C)(C)C(Cl)(Cl)Cl,0.1103685298398386,-0.0091196992829691,84.1712913420936,183.05173759126632,1.3124309639451255
C=CC(=O)OC(C)(C)C(C)(C)C,0.1103685298398386,-0.0102889635995279,84.1712913420936,185.93657742441232,1.3071411523343124
C=CC(=O)OCCCC=CC,0.1126610130144748,-0.0002194657994899,85.34175932210024,165.1788915976237,1.3552454492237846
C=CC(=O)OC(O)CCCCC,0.1126610130144748,-0.0005628258062992,85.34175932210024,179.10512038727413,1.3248606412414035
C=CC(=O)OCC(C(=O)OC)C(=O)OC,0.1126610130144748,-0.0034833013938274,85.34175932210024,195.0003834953714,1.2960488379445547
C=CC(=O)Oc1ccccc1C,0.1126610130144748,-0.0038199216200504,85.34175932210024,158.56479912514655,1.371805146953195
C=CC(=O)OCCCC(C(F)(F)F)(C(F)(F)F)C(F)(F)F,0.1126610130144748,-0.0042255535794887,85.34175932210024,234.84380492056937,1.2423864447821207
C=CC(=O)OC1(CC)COC1,0.1126610130144748,-0.0056860983444843,85.34175932210024,152.35730885684637,1.388849681672296
C=CC(=O)OCCCCCCCF,0.1126610130144748,-0.008084551997343,85.34175932210024,193.61222020340895,1.2983567363777844
C=CC(=O)OCc1ccccc1O,0.114953496189111,-0.000119619698518,86.51222730210688,167.43324612984495,1.3552715861103328
C=CC(=O)OCCC(=O)[O-],0.114953496189111,-0.0017340773034159,86.51222730210688,128.63431244310053,1.4795916636422153
C=CC(=O)OCc1ccccc1,0.114953496189111,-0.0052509239625866,86.51222730210688,157.80315850069132,1.379564751214965
C=CC(=O)OCCCCCCI,0.1172459793637472,-0.001401700322799,87.68269528211353,199.0951811270382,1.2980762298177833
C=CC(=O)OCCCCCCOC,0.1172459793637472,-0.0017521309305947,87.68269528211353,196.53689112646776,1.3023006815575242
C=CC(=O)OCC(C)CC(O)(C(F)(F)F)C(F)(F)F,0.1172459793637472,-0.0022938025544363,87.68269528211353,228.4299025406486,1.2569912141287094
C=CC(=O)Oc1ccc(Cl)cc1,0.1172459793637472,-0.0026525256584364,87.68269528211353,156.25934462048835,1.3896266704809241
C=CC(=O)OC1CCCCC1Cl,0.1172459793637472,-0.0061922517965513,87.68269528211353,174.24973576162037,1.3449952172984856
C=CC(=O)OCCOCCCCCCOC,0.1172459793637472,-0.0093560444762033,87.68269528211353,240.0399441831797,1.2437277747949447
C=CC(=O)OCCOCCCCCCI,0.1172459793637472,-0.0206430179427343,87.68269528211353,242.98057060318595,1.2405850755889787
C=CC(=O)OCCOCC(C)CC(O)(C(F)(F)F)C(F)(F)F,0.1172459793637472,-0.0211336237738806,87.68269528211353,271.8008249365105,1.2136241655209132
C=CC(=O)OCCOCCOCCOC1CCCCC1Cl,0.1172459793637472,-0.0431675391842645,87.68269528211353,303.00266626547034,1.1905514857698007
C=CC(=O)Oc1ccc(OC)cc1,0.1195384625383834,-0.0002754416278381,88.85316326212016,167.05976065646593,1.3669070371786243
C=CC(=O)OC1(CC)CCCCC1,0.1195384625383834,-0.0010426405855636,88.85316326212016,192.5158923489084,1.3137048133869706
C=CC(=O)Oc1ccc(C)cc1,0.1195384625383834,-0.0011382561138649,88.85316326212016,157.4125346761613,1.3922300362722937
C=CC(=O)OCCCCCCCCF,0.1195384625383834,-0.0023926209620018,88.85316326212016,210.1409410699328,1.2851922789937285
C=CC(=O)OC(O)(CCCCC)OC,0.1195384625383834,-0.0051946628877143,88.85316326212016,204.57213987772528,1.293616091047563
C=CC(=O)OCC(O)CC(F)(F)C(F)(F)C(F)(F)C(F)(F)F,0.126415912062292,-0.0003234781328486,92.36456720214008,244.91766220732944,1.252174914279918
C=CC(=O)OCCCC(F)(F)C(F)(F)C(F)(F)C(F)(F)F,0.126415912062292,-0.0013078190389918,92.36456720214008,235.68227805024827,1.2627780054107376
C=CC(=O)Oc1ccc(C#N)cc1,0.126415912062292,-0.0014794133599949,92.36456720214008,160.2927366412694,1.4014792099274809
C=CC(=O)OC(C)CCCCCC,0.126415912062292,-0.0039608441289616,92.36456720214008,203.85861357515336,1.3074323174499616
C=CC(=O)Oc1cccc(Cl)c1,0.1310008784115644,-0.0011081079661516,94.70550316215336,156.54046008685265,1.4243531167045786
C=CC(=O)OC1=C2CCC(C2)C1,0.1310008784115644,-0.0015230049670072,94.70550316215336,159.5802723536471,1.4151449321915235
C=CC(=O)OCC1CC2C=CC1C2,0.1310008784115644,-0.0017175396263929,94.70550316215336,177.50191031905266,1.3682029005144745
C=CC(=O)Oc1cccc(OC)c1,0.1310008784115644,-0.0023987909138532,94.70550316215336,165.76452590591845,1.397620323269726
C=CC(=O)OCCCCC(=C)C=C,0.1310008784115644,-0.0036711712658734,94.70550316215336,192.1683200125522,1.3371424043569557
C=CC(=O)OCC(C)(C)CCCC,0.1310008784115644,-0.0338448007881971,94.70550316215336,204.30531761031332,1.315201257213279
C=CC(=O)OCC(O)CCCCCC,0.1332933615862006,-0.0006388734995001,95.87597114216,213.73595628295095,1.3040973434943839
C=CC(=O)OCc1ccc2c(c1)OCO2,0.1332933615862006,-0.0007617186723822,95.87597114216,183.35448996259564,1.3600186848301332
C=CC(=O)OC1C2CC3C(=O)OC1C3C2,0.1332933615862006,-0.0040617872060662,95.87597114216,185.01101773893217,1.3564340936337733
C=CC(=O)Oc1ccc(Cl)cc1Cl,0.1332933615862006,-0.0100395169077986,95.87597114216,171.12660014137555,1.3889444435251606
C=CC(=O)OC12CC3CC(CC(C3)C1)C2,0.1355858447608368,-0.0001427528801543,97.04643912216665,204.4847165615344,1.3234389109591738
C=CC(=O)OCCC(C)CC(C)(C)C,0.1355858447608368,-0.0008103849944488,97.04643912216665,221.59762884961836,1.2962625003315935
C=CC(=O)Oc1ccc(CO)cc1,0.1355858447608368,-0.0008938314971344,97.04643912216665,166.6348316908221,1.4063508885128984
C=CC(=O)OCc1cccc(I)c1,0.1355858447608368,-0.0014582278785126,97.04643912216665,186.7163152893219,1.357608968390292
C=CC(=O)OCCCCCCCCC,0.1355858447608368,-0.0035911498013122,97.04643912216665,219.91861051100133,1.2987221370947364
C=CC(=O)OCc1ccc(Cl)c(Cl)c1,0.1401708111101092,-0.0007617607646883,99.38737508217991,188.95777193003727,1.3623793978894836
C=CC(=O)Oc1c(C)cccc1C,0.1401708111101092,-0.0016609892314969,99.38737508217991,173.81219368819868,1.3980007068387814
C=CC(=O)OCC(O)COc1c(C)cccc1C,0.1401708111101092,-0.0064870998197497,99.38737508217991,244.5326396662041,1.2732746196953708
C=CC(=O)OCC(CC)CC(C)C,0.1401708111101092,-0.0070756956869066,99.38737508217991,205.2243231227203,1.3307099848429067
C=CC(=O)OCC(O)COCC(O)COCC(O)COCCC(C)CC(C)(C)C,0.1401708111101092,-0.0087353721195162,99.38737508217991,424.5222041645784,1.1528042572046893
C=CC(=O)OCC(O)COc1ccc(Cl)cc1Cl,0.1401708111101092,-0.0187936738199292,99.38737508217991,239.71128908340967,1.2792081865615976
C=CC(=O)OC1CC2CC1C1CCCC21,0.1470482606340177,-0.0001898449014894,102.8987790221998,206.4288248671652,1.3414099250490588
C=CC(=O)OC1C2(C)CCC(C2)C1(C)C,0.1470482606340177,-0.001073751981186,102.8987790221998,215.76577011432923,1.3251681291144806
C=CC(=O)OC12CC3CC(CC(O)(C3)C1)C2,0.1470482606340177,-0.0015919547628633,102.8987790221998,215.35662203796028,1.3258468526636804
C=CC(=O)OCCOC1C2(C)CCC(C2)C1(C)C,0.1470482606340177,-0.0026786070417634,102.8987790221998,259.1816967416613,1.2664613067343373
C=CC(=O)OC1C2CC3CC(C2)CC1C3,0.1470482606340177,-0.0044335383821256,102.8987790221998,205.40907538062208,1.3432844836957119
C=CC(=O)OCCOC1CC(C)CC(C)(C)C1,0.1470482606340177,-0.0048823546718828,102.8987790221998,252.14787104859843,1.274471181683309
C=CC(=O)Oc1c(F)c(F)c(C#N)c(F)c1F,0.1470482606340177,-0.0050248462606199,102.8987790221998,179.23276024866996,1.3998100783086298
C=CC(=O)OC1CC(C)CC(C)(C)C1,0.1470482606340177,-0.0085094232011564,102.8987790221998,211.5397711213348,1.3323202179868365
C=CC(=O)OCCOC12CC3CC(CC(O)(C3)C1)C2,0.1470482606340177,-0.0118421953272096,102.8987790221998,254.67251715782007,1.2715406911485234
C=CC(=O)OCCOCCOc1ccc(Cl)cc1Cl,0.1470482606340177,-0.018698070580887,102.8987790221998,255.9907731729156,1.2700355636508602
C=CC(=O)OCCOc1ccc(Cl)cc1Cl,0.1470482606340177,-0.0201103944230802,102.8987790221998,214.8402248652572,1.3267076142263554
C=CC(=O)Oc1cc(Cl)c(Cl)cc1Cl,0.1516332269832901,-0.0009315551445297,105.23971498221306,186.37636550312297,1.392388204957596
C=CC(=O)OCCCCCCCC(C)C,0.1516332269832901,-0.0015353469922728,105.23971498221306,238.32343616249105,1.298943122595464
C=CC(=O)OCC1CCC2C3CCC(C3)C12,0.1516332269832901,-0.0023189841582961,105.23971498221306,223.58082362322435,1.3205322148920107
C=CC(=O)OCC(C)CCCCCCC,0.1516332269832901,-0.0023594738170914,105.23971498221306,239.7932514785032,1.2969514044715245
C=CC(=O)OCCCCCCC(C)C,0.1516332269832901,-0.0046192945167831,105.23971498221306,221.20191462460275,1.3243166314526476
C=CC(=O)Oc1ccc(C=O)cc1OC,0.1516332269832901,-0.0059324295446686,105.23971498221306,188.5569403841681,1.38727902594301
C=CC(=O)OCc1cc(Br)cc(Br)c1,0.1516332269832901,-0.0130136550590805,105.23971498221306,197.9825190272903,1.3666730035081978
C=CC(=O)Oc1nc2ccccc2[nH]1,0.1539257101579263,-0.0005555383725717,106.41018296221972,164.68685708445298,1.4577338144445533
C=CC(=O)Oc1c(C)cc(C)cc1C,0.1539257101579263,-0.0007071562246725,106.41018296221972,191.3528325816286,1.3856880442170194
C=CC(=O)Oc1cc(O)ccc1C=C,0.1539257101579263,-0.0009259812398507,106.41018296221972,177.20917472968125,1.4207401759128122
C=CC(=O)OCN1C(=O)c2ccccc2C1=O,0.1539257101579263,-0.0039088197187826,106.41018296221972,200.1068611853564,1.3668317525475446
C=CC(=O)Oc1c(Cl)cc(Cl)cc1Cl,0.1539257101579263,-0.0066745944456503,106.41018296221972,186.53485012504484,1.3969375598406988
C=CC(=O)OC(C)OC(C)OC(CC)CCCCCCC,0.1608031596818349,-0.0023970808663747,109.92158690223962,323.28171278276534,1.2258448959446333
C=CC(=O)OC(O)CC(C)CCCC(C)C,0.1608031596818349,-0.0047829057851216,109.92158690223962,246.8920802153348,1.3016238654517212
C=CC(=O)OC(CC)CCCCCCC,0.1608031596818349,-0.005308499542751,109.92158690223962,239.5667280348536,1.3116977089730586
C=CC(=O)OC(C)Oc1cc(O)ccc1C=C,0.1608031596818349,-0.0062904153189279,109.92158690223962,222.5254821766184,1.3380086916460574
C=CC(=O)OC(C)OC12CC3CC(CC(O)(C3)C1)C2,0.1608031596818349,-0.0129212941804311,109.92158690223962,256.60679805230586,1.2892407120443117
C=CC(=O)OC(C)OC(CC)CCCCCCC,0.1608031596818349,-0.0158653352579691,109.92158690223962,279.843850265057,1.2634211172441367
C=CC(=O)OC(C)OC1CC2CC1C1CCCC21,0.1608031596818349,-0.0283041801133535,109.92158690223962,248.70850465192603,1.2992273516985025
C=CC(=O)OC1(C2CCCCC2)CCCC1,0.1630956428564711,-0.0005910890616102,111.09205488224626,233.23991191882047,1.3247181736857843
C=CC(=O)OCC12CC3CC(CC(C3)C1)C2,0.1630956428564711,-0.0067620379411057,111.09205488224626,224.4344240405617,1.3387745298900382
C=CC(=O)OC(C)CCCCCCCC,0.1630956428564711,-0.0098668085850401,111.09205488224626,239.13421404107285,1.3159533630913574
C=CC(=O)Oc1coc2ccccc2c1=O,0.1630956428564711,-0.0150688784636183,111.09205488224626,184.6389021423611,1.4216953162125971
C=CC(=O)OCC1COC(C)(OC(O)CC(C)CCCC(C)C)O1,0.1653881260311073,-0.0022304019773536,112.26252286225292,345.0976113463976,1.2155180375856243
C=CC(=O)OCC1COC(C)(c2ccc(Cl)cc2)O1,0.1653881260311073,-0.0056799462879234,112.26252286225292,250.17202880988947,1.3042224040315484
C=CC(=O)OC1(C)OCC(COc2ccc(Cl)cc2)O1,0.1653881260311073,-0.0059238186920219,112.26252286225292,256.4321461321259,1.2961497350988018
C=CC(=O)OC1C=CC2C3C=CC(C3)C12,0.1653881260311073,-0.0083766170894569,112.26252286225292,193.79575055836668,1.403893692371528
C=CC(=O)OCC1COC(C)(C2C=CC3C4C=CC(C4)C32)O1,0.1653881260311073,-0.0090218893135124,112.26252286225292,286.0933383982696,1.263134605792852
C=CC(=O)OCC1COC(C)(Oc2ccc(Cl)cc2)O1,0.1653881260311073,-0.0095858684623771,112.26252286225292,257.1332131034694,1.2952726667984282
C=CC(=O)OCC1CC2CC1C1CCCC21,0.1653881260311073,-0.0123399308765464,112.26252286225292,224.36878089430857,1.3428317359620783
C=CC(=O)OCC1COC(C)(Oc2ccc(C=O)cc2OC)O1,0.1653881260311073,-0.0260979345882469,112.26252286225292,288.3695133010012,1.2609061322991235
C=CC(=O)OC1(C)OCC(COc2ccc(C=O)cc2OC)O1,0.1653881260311073,-0.0415819696033531,112.26252286225292,289.3045441993212,1.260001725453815
C=CC(=O)OCC1COC(C)(OCC2COC(C)(OC3C=CC4C5C=CC(C5)C34)O2)O1,0.1653881260311073,-0.0654815844142967,112.26252286225292,395.4836819296595,1.1867476787401885
C=CC(=O)OCC1COC(C)(OCC2COC(C)(OCCCCCCCC(C)C)O2)O1,0.1653881260311073,-0.0942397228324943,112.26252286225292,443.6904215506103,1.1656310899281777
C=CC(=O)OCc1cccc2ccccc12,0.1837279914281968,-0.008611988868535,121.62626670230595,201.32832708821172,1.4236545961304699
C=CC(=O)Oc1cccc2ccccc12,0.1837279914281968,-0.0098469971082811,121.62626670230595,186.43521988187268,1.4628687127716373
C=CC(=O)OC1CCC(OCCCCCCCCCC=C)CC1,0.1837279914281968,-0.0130856899879579,121.62626670230595,347.3494333337808,1.232997362157309
C=CC(=O)OCCOCCOCCOC1CC2CC1C1CC3OC3C21,0.1837279914281968,-0.0175036372281904,121.62626670230595,336.0944876655645,1.2413083703003218
C=CC(=O)OC1CCC(Oc2c(C=O)ccc(O)c2OC)CC1,0.1837279914281968,-0.0213211359121199,121.62626670230595,295.4410311822864,1.27707469161053
C=CC(=O)OCCCCCCCCCC=C,0.1837279914281968,-0.0221281765363816,121.62626670230595,248.56327052474023,1.3344961020554087
C=CC(=O)Oc1c(C=O)ccc(O)c1OC,0.1837279914281968,-0.0241101501844529,121.62626670230595,197.0882900527789,1.4341069266642237
C=CC(=O)OCCOCc1cccc2ccccc12,0.1837279914281968,-0.0260153295137281,121.62626670230595,245.1025200415692,1.3397114383068365
C=CC(=O)OC1CCC(c2c(C=O)ccc(O)c2OC)CC1,0.1837279914281968,-0.0331280113794203,121.62626670230595,287.2984833373097,1.2855704935606551
C=CC(=O)OCCOC1CC2CC1C1CC3OC3C21,0.1837279914281968,-0.038758438672841,121.62626670230595,249.43363604809164,1.3332100153756772
C=CC(=O)OC1CC2CC1C1CC3OC3C21,0.1837279914281968,-0.041228902187169,121.62626670230595,208.95635455618935,1.4060941004749303
C=CC(=O)OCCOc1c(C=O)ccc(O)c1OC,0.1837279914281968,-0.0651826752684716,121.62626670230595,239.72445282399,1.3481533093013536
C=CC(=O)OC1CCC(NC2CC3CC2C2C=CCC32)CC1,0.1883129577774692,-0.0030998785357784,123.96720266231924,301.6218474151196,1.2765846444917517
C=CC(=O)OC1CCC(OC23CC4CC(CC(C4)C2C)C3)CC1,0.1883129577774692,-0.0036596458096195,123.96720266231924,320.3094290463974,1.2592693104198935
C=CC(=O)OCC(C=C)OC1(CC)C2CC3CC(C2)CC1C3,0.1883129577774692,-0.004387031092136,123.96720266231924,308.9464244230644,1.269525957396651
C=CC(=O)Oc1ccc2c(c1)CCCC2,0.1883129577774692,-0.0054387252468753,123.96720266231924,196.28065509601245,1.4458335893459366
C=CC(=O)OC(C=C)COC(C=C)COC(C=C)CNc1ccc(OC)c(OC)c1,0.1883129577774692,-0.0062957901816677,123.96720266231924,413.9572882764198,1.1975273613494142
C=CC(=O)OC1CCC(OC2(CC)C3CC4CC(C3)CC2C4)CC1,0.1883129577774692,-0.0125052530627559,123.96720266231924,338.23668587299784,1.244600699370302
C=CC(=O)Oc1ccc(Nc2cccc3ccccc23)cc1,0.1883129577774692,-0.0128797192435573,123.96720266231924,269.44784718742426,1.3126212969634599
C=CC(=O)OCC(C=C)Oc1ccc(OC)c(OC)c1,0.1883129577774692,-0.0130791466374088,123.96720266231924,263.9003559138544,1.3198223361210561
C=CC(=O)OC1CC2CC1C1C=CCC21,0.1883129577774692,-0.0190223555702854,123.96720266231924,199.8154521015799,1.4367676008970216
C=CC(=O)OC1(CC)C2CC3CC(C2)CC1C3,0.1883129577774692,-0.020624230398624,123.96720266231924,238.42641275439445,1.357751058269733
C=CC(=O)OC(C=C)COc1ccc2c(c1)CCCC2,0.1883129577774692,-0.0206999580998111,123.96720266231924,267.4623963548287,1.3151603785753825
C=CC(=O)Oc1ccc(NC2CC3CC2C2C=CCC32)cc1,0.1883129577774692,-0.0217630166869472,123.96720266231924,285.60919260236057,1.29340203789274
C=CC(=O)Oc1ccc(OC)c(OC)c1,0.1883129577774692,-0.0246265332836795,123.96720266231924,191.75180825640007,1.45803090104338
C=CC(=O)Oc1ccc(OC23CC4CC(CC(C4)C2C)C3)cc1,0.1883129577774692,-0.0296957690577815,123.96720266231924,301.24640599914403,1.276956563702096
C=CC(=O)OC1CCC(c2cccc3ccccc23)CC1,0.1883129577774692,-0.0297469694476436,123.96720266231924,272.8258670592168,1.3083955371473814
C=CC(=O)OC12CC3CC(CC(C3)C1C)C2,0.1883129577774692,-0.0303780536789585,123.96720266231924,221.8488798969911,1.3877937529520015
C=CC(=O)Oc1ccc(NC23CC4CC(CC(C4)C2C)C3)cc1,0.1883129577774692,-0.0305693347316097,123.96720266231924,304.6780083192361,1.27359438683363
C=CC(=O)Oc1ccc(Nc2ccc(OC)c(OC)c2)cc1,0.1883129577774692,-0.0319352943759273,123.96720266231924,277.7579176782189,1.3024299897433582
C=CC(=O)OC(C=C)COC1CC2CC1C1C=CCC21,0.1883129577774692,-0.0348460476536441,123.96720266231924,272.232968899795,1.3091288112613275
C=CC(=O)Oc1ccc(Nc2ccc3c(c2)CCCC3)cc1,0.1883129577774692,-0.0354358155589412,123.96720266231924,280.6778082948139,1.2990073767754955
C=CC(=O)OC(C=C)COC(C=C)COC1(CC)C2CC3CC(C2)CC1C3,0.1883129577774692,-0.0360320906777072,123.96720266231924,377.2140859800954,1.2178517682476173
C=CC(=O)Oc1ccc(NC2(CC)C3CC4CC(C3)CC2C4)cc1,0.1883129577774692,-0.0496970314841579,123.96720266231924,321.55105683419885,1.2581962365545063
C=CC(=O)OC(C=C)CNC12CC3CC(CC(C3)C1C)C2,0.1883129577774692,-0.0547049443859745,123.96720266231924,298.11799531086933,1.2800954875165973
C=CC(=O)Oc1ccc(C2(CC)C3CC4CC(C3)CC2C4)cc1,0.1883129577774692,-0.0646209914546321,123.96720266231924,308.6431466221011,1.269810978082105
C=CC(=O)Oc1ccc(-c2ccc(OC34CC5CC(CC(C5)C3C)C4)cc2)cc1,0.1883129577774692,-0.1175493199687313,123.96720266231924,377.3438568765778,1.217772563392563
C=CC(=O)Oc1ccc(Oc2ccc(C3(CC)C4CC5CC(C4)CC3C5)cc2)cc1,0.1883129577774692,-0.1376873750548671,123.96720266231924,391.7201208207357,1.2093436847507588
C=CC(=O)Oc1ccc(-c2ccc(Oc3ccc(Oc4ccc(OC)c(OC)c4)cc3)cc2)cc1,0.1883129577774692,-0.1692286927562069,123.96720266231924,425.41059610208447,1.191950616703829
C=CC(=O)Oc1ccc(Oc2ccc(-c3ccc(Oc4ccc5c(c4)CCCC5)cc3)cc2)cc1,0.1883129577774692,-0.1941337485175441,123.96720266231924,428.99709191394857,1.1902689297053868
C=CC(=O)OC1OCC(COc2cccc3ccccc23)O1,0.1928979241267416,-0.001841864643934,126.30813862233252,266.4431807445079,1.3230369608713202
C=CC(=O)OC1CC2COC(=O)C2CC1C(=O)c1ccc(Cl)cc1,0.1928979241267416,-0.0018692827805306,126.30813862233252,301.1266758207815,1.2827309326021825
C=CC(=O)Oc1ccc(C2CC3CC2C2C=CCC32)cc1,0.1928979241267416,-0.0025898301020834,126.30813862233252,269.8081655494222,1.3186215985970788
C=CC(=O)Oc1ccc(-c2cccc3ccccc23)cc1,0.1928979241267416,-0.0055460416690084,126.30813862233252,257.4361540791525,1.3354923081325694
C=CC(=O)Oc1c(Cl)c(Cl)c(Cl)c(Cl)c1Cl,0.1928979241267416,-0.0066033684626791,126.30813862233252,218.24083390920092,1.4034774108248633
C=CC(=O)OC1CC2C(=O)OCC2CC1C(=O)c1ccc(Cl)cc1,0.1928979241267416,-0.0090590202227804,126.30813862233252,304.1308138842837,1.279714214029596
C=CC(=O)Oc1ccc(OC)c(OC)c1OC,0.1928979241267416,-0.0094893210545752,126.30813862233252,219.32130391868893,1.4012270363574146
C=CC(=O)Oc1ccc(OC2CC3CC2C2C=CCC32)cc1,0.1928979241267416,-0.014405808506849,126.30813862233252,281.875324451688,1.303748161337846
C=CC(=O)Oc1ccc(Oc2ccc(Cl)cc2)cc1,0.1928979241267416,-0.0157135062829229,126.30813862233252,237.12890182041883,1.3675167332662077
C=CC(=O)Oc1ccc(C(=O)C2CC3CC2C2C=CCC32)cc1,0.1928979241267416,-0.0187947369202401,126.30813862233252,291.7779001260383,1.2925559316836992
C=CC(=O)OCC1COC(C(=O)c2cccc3ccccc23)O1,0.1928979241267416,-0.0204417324646737,126.30813862233252,278.8124855852806,1.3073881288457123
C=CC(=O)Oc1ccc(C(=O)c2ccc(Cl)cc2)cc1,0.1928979241267416,-0.0207595908061239,126.30813862233252,246.8809153186512,1.351394103153609
C=CC(=O)OCC1COC(C(=O)C2CC3CC2C2C=CCC32)O1,0.1928979241267416,-0.0245538138762686,126.30813862233252,295.3199700426176,1.2887530052297698
C=CC(=O)OC1CC2COC(=O)C2CC1C(=O)C1CC2CC1C1C=CCC21,0.1928979241267416,-0.0245968616589334,126.30813862233252,345.29482532872834,1.2440936854247213
C=CC(=O)OC1CC2COC(=O)C2CC1Oc1ccc(OC)c(OC)c1OC,0.1928979241267416,-0.0249558902367379,126.30813862233252,353.3034015358915,1.2382026490958333
C=CC(=O)OC1CC2C(=O)OCC2CC1c1cccc2ccccc12,0.1928979241267416,-0.0292974031552102,126.30813862233252,309.6420578217649,1.2743461783602599
C=CC(=O)On1c(=O)ccc2ccccc21,0.1928979241267416,-0.0298949860945913,126.30813862233252,187.82651122646567,1.4795319454745592
C=CC(=O)OC1OCC(COC2OCC(COc3cccc4ccccc34)O2)O1,0.1928979241267416,-0.0345134950264718,126.30813862233252,352.4255891110091,1.2388343047432289
C=CC(=O)OCC1COC(C(=O)c2ccc(Cl)cc2)O1,0.1928979241267416,-0.0346893453017446,126.30813862233252,251.35146687866072,1.3444752778331819
C=CC(=O)OC1CC2C(=O)OCC2CC1C(=O)c1cccc2ccccc12,0.1928979241267416,-0.0372330463513162,126.30813862233252,329.85176468111746,1.2563274903415342
C=CC(=O)OC1CC2COC(=O)C2CC1C(=O)c1cccc2ccccc12,0.1928979241267416,-0.0454982138260629,126.30813862233252,330.1718146987188,1.2560613750732244
C=CC(=O)OC1CC2COC(=O)C2CC1Oc1cccc2ccccc12,0.1928979241267416,-0.0571058011635568,126.30813862233252,318.5772536946331,1.266072944820869
C=CC(=O)OC1CC2COC(=O)C2CC1Oc1c(Cl)c(Cl)c(Cl)c(Cl)c1Cl,0.1928979241267416,-0.0664797044380929,126.30813862233252,356.41151508321235,1.2359929920693282
C=CC(=O)OCC1COC(OCC2COC(OCC3COC(Oc4c(Cl)c(Cl)c(Cl)c(Cl)c4Cl)O3)O2)O1,0.1928979241267416,-0.0814448214157846,126.30813862233252,468.80686751961787,1.1768331314692393
C=CC(=O)OC1OCC(COC2OCC(COC3OCC(COc4ccc(OC)c(OC)c4OC)O3)O2)O1,0.1928979241267416,-0.1648723102196481,126.30813862233252,469.31488403766,1.1766333923291408
C=CC(=O)Oc1occc1C1CC2CC1C1C=CCC21,0.1951904073013778,-0.0023629293189529,127.47860660233916,253.11518123305055,1.3453271832067162
C=CC(=O)Oc1ccoc1C1CC2CC1C1C=CCC21,0.1951904073013778,-0.0041932239784713,127.47860660233916,253.1143145513827,1.3453284921243005
C=CC(=O)Oc1occc1OC1CC2CC1C1C=CCC21,0.1951904073013778,-0.0068500116123672,127.47860660233916,261.0038954189616,1.333817566560095
C=CC(=O)Oc1ccc(OC2CC3CC2C2CC=CC32)cc1,0.1951904073013778,-0.0079127028240676,127.47860660233916,281.2206927606177,1.3075974227425025
C=CC(=O)Oc1ccoc1OC1CC2CC1C1C=CCC21,0.1951904073013778,-0.0086682513012405,127.47860660233916,260.66394990424567,1.3342974221996218
C=CC(=O)OC1CC2CC1CC2OC1CC2CC1C1C=CCC21,0.1951904073013778,-0.0099421813740249,127.47860660233916,305.8195011942579,1.2808304948088411
C=CC(=O)Oc1occc1Oc1ccc(OC)c(OC)c1OC,0.1951904073013778,-0.0127831027255539,127.47860660233916,281.228972406072,1.307587541318972
C=CC(=O)OC1CC2CC1CC2OC1CC2CC1C1CC=CC21,0.1951904073013778,-0.0136811360373016,127.47860660233916,307.27672332819054,1.2793921629834284
C=CC(=O)Oc1ccoc1-c1c(Cl)c(Cl)c(Cl)c(Cl)c1Cl,0.1951904073013778,-0.0184835419402603,127.47860660233916,271.604000802748,1.3195272929944617
C=CC(=O)OC1CC2CC1CC2c1ccc(OC)c(OC)c1OC,0.1951904073013778,-0.0205029473052505,127.47860660233916,314.32874610737406,1.272637289798142
C=CC(=O)Oc1occc1Oc1ccc2cccc(O)c2n1,0.1951904073013778,-0.0223586187110428,127.47860660233916,251.4179576634216,1.3479099636420706
C=CC(=O)Oc1ccc2cccc(O)c2n1,0.1951904073013778,-0.0228183939709182,127.47860660233916,189.48271867426365,1.4797816989590327
C=CC(=O)Oc1ccc(Oc2ccc3cccc(O)c3n2)cc1,0.1951904073013778,-0.0229324624286178,127.47860660233916,269.79029268128426,1.3218835279596013
C=CC(=O)Oc1occc1-c1ccc2cccc(O)c2n1,0.1951904073013778,-0.0266980454669479,127.47860660233916,242.5758246968887,1.3620293347747237
C=CC(=O)Oc1occc1OC1CC2CC1C1CC=CC21,0.1951904073013778,-0.0269049480213638,127.47860660233916,265.95337394746235,1.3269865257107196
C=CC(=O)Oc1ccc(-c2c(Cl)c(Cl)c(Cl)c(Cl)c2Cl)cc1,0.1951904073013778,-0.0273762271152023,127.47860660233916,288.0445542875507,1.2996663612239017
C=CC(=O)OC1CC2CC1CC2Oc1c(Cl)c(Cl)c(Cl)c(Cl)c1Cl,0.1951904073013778,-0.0301580950961593,127.47860660233916,324.70198498726205,1.26328122126483
C=CC(=O)OC1CC2CC1C1CC=CC21,0.1951904073013778,-0.0324635579838271,127.47860660233916,198.3829694599879,1.4548234925750503
C=CC(=O)OC1CC2CC1CC2c1ccc2cccc(O)c2n1,0.1951904073013778,-0.0407921597705368,127.47860660233916,287.5986163698973,1.3001719551258506
C=CC(=O)Oc1ccc(Oc2ccc(OC3CC4CC3C3C=CCC43)cc2)cc1,0.1951904073013778,-0.0496475324378494,127.47860660233916,362.2947328692727,1.234206123467964
C=CC(=O)Oc1ccc(Oc2c(Cl)c(Cl)c(Cl)c(Cl)c2Cl)cc1,0.1951904073013778,-0.0505539700732712,127.47860660233916,298.5957323928515,1.2881881986732469
C=CC(=O)Oc1occc1-c1c(Cl)c(Cl)c(Cl)c(Cl)c1Cl,0.1951904073013778,-0.0522319004283432,127.47860660233916,271.7362476610114,1.3193568587619395
C=CC(=O)Oc1ccoc1-c1ccc(OC)c(OC)c1OC,0.1951904073013778,-0.0535622164950851,127.47860660233916,271.0086707144392,1.3202968255337644
C=CC(=O)OC1CC2CC1CC2Oc1ccc2cccc(O)c2n1,0.1951904073013778,-0.0538273081527237,127.47860660233916,294.91598487330504,1.2920885716987027
C=CC(=O)OC1CC2CC1CC2Oc1ccc(OC)c(OC)c1OC,0.1951904073013778,-0.0691708550200943,127.47860660233916,324.6884841294489,1.2632929758763438
C=CC(=O)Oc1ccoc1-c1occc1Oc1ccc(OC)c(OC)c1OC,0.1951904073013778,-0.097682319615889,127.47860660233916,333.95525686756946,1.2554670860118673
C=CC(=O)Oc1ccc(Oc2ccc(OC)c(OC)c2OC)cc1,0.1951904073013778,-0.0980701074347976,127.47860660233916,299.81708111365583,1.2869168647441835
C=CC(=O)Oc1occc1Oc1ccc(C=O)c2ccccc12,0.2020678568252864,-0.000635082685059,130.99001054235907,266.88614153577623,1.335620423692843
C=CC(=O)Oc1occc1Oc1ccc(O)c2ncccc12,0.2020678568252864,-0.0057742547622379,130.99001054235907,253.56866788676612,1.3551868636136906
C=CC(=O)OCC(=C)CS(=O)(=O)c1ccccc1,0.2020678568252864,-0.0181971538433375,130.99001054235907,238.1523293651613,1.3809617822010865
C=CC(=O)Oc1ccc(C=O)c2ccccc12,0.2020678568252864,-0.0201181221374812,130.99001054235907,203.79013036217077,1.4549715663025071
C=CC(=O)Oc1ccc(O)c2ncccc12,0.2020678568252864,-0.0231031823524776,130.99001054235907,190.19625862767097,1.4931478499605892
C=CC(=O)Oc1ccoc1OC12CC3CC(CC(C3)C1CC)C2,0.2020678568252864,-0.0237813640007319,130.99001054235907,298.4387419122919,1.296981332368912
C=CC(=O)Oc1occc1-c1ccc(C=O)c2ccccc12,0.2020678568252864,-0.0267164063087162,130.99001054235907,256.5956863012792,1.3505379057529316
C=CC(=O)OC1=C(C)C(=O)CC(C(=C)C)C1,0.2020678568252864,-0.0329352665314021,130.99001054235907,218.054207209034,1.4209356007301261
C=CC(=O)OC12CC3CC(CC(C3)C1CC)C2,0.2020678568252864,-0.0379892039665523,130.99001054235907,239.7601959321502,1.3780963209709873
C=CC(=O)Oc1ccoc1Oc1ccc(C=O)c2ccccc12,0.2020678568252864,-0.0386398088565525,130.99001054235907,269.01275631366536,1.33269728629923
C=CC(=O)Oc1ccoc1-c1occc1OC1CC2CC1C1C=CCC21,0.2020678568252864,-0.0467338811984714,130.99001054235907,314.5139489930656,1.2805694178221458
C=CC(=O)Oc1ccoc1Oc1ccoc1Oc1ccc(C=O)c2ccccc12,0.2020678568252864,-0.0492451738944706,130.99001054235907,327.5930753005593,1.268512829152895
C=CC(=O)Oc1ccoc1-c1occc1Oc1ccc(C=O)c2ccccc12,0.2020678568252864,-0.067078078948563,130.99001054235907,322.55883124704667,1.2730271636184594
C=CC(=O)Oc1ccoc1Oc1ccoc1Oc1ccoc1Oc1ccc(C=O)c2ccccc12,0.2020678568252864,-0.12394970174939,130.99001054235907,391.2857434844353,1.2221526275352015
C=CC(=O)Oc1occc1Oc1occc1Oc1occc1Oc1c(Cl)c(Cl)c(Cl)c(Cl)c1Cl,0.2020678568252864,-0.172423298322266,130.99001054235907,405.7984689060322,1.21376164883194
C=CC(=O)Oc1ccc(Oc2ccc3ccccc3c2)cc1,0.208945306349195,-0.0024711809639105,134.501414482379,265.4262887644405,1.3476809410357304
C=CC(=O)OC1CCC(C(=O)C2CC3CC2C2C=CCC32)CC1,0.208945306349195,-0.002813520241178,134.501414482379,309.44193018638543,1.2938519844923277
C=CC(=O)Oc1ccc(Oc2cccc3ccccc23)cc1,0.208945306349195,-0.0044602431770195,134.501414482379,263.3583842032405,1.3507088464533081
C=CC(=O)OCc1cc(C(=O)C2CC3CC2C2C=CCC32)no1,0.208945306349195,-0.0078844151977667,134.501414482379,286.71844270378284,1.3193419402936306
C=CC(=O)Oc1ccc(-c2ccc3ccccc3c2)cc1,0.208945306349195,-0.0096073470596442,134.501414482379,256.5629374925033,1.3610491914031624
C=CC(=O)OCc1cc(C2CC3CC2C2CC=CC32)no1,0.208945306349195,-0.0215597770694861,134.501414482379,265.4394417746336,1.3476618524097363
C=CC(=O)Oc1ccc(C(=O)c2ccccc2)cc1,0.208945306349195,-0.0270276836637625,134.501414482379,231.92327041195543,1.4044125801423273
C=CC(=O)Oc1ccc(OCC(=C)CS(=O)(=O)c2ccccc2)cc1,0.208945306349195,-0.0366473175998559,134.501414482379,318.60772640160536,1.284701210619078
C=CC(=O)OCc1cc(Oc2ccccc2)no1,0.208945306349195,-0.0391981325630316,134.501414482379,216.85318612340467,1.4366328063820133
C=CC(=O)OC1CCC(Oc2ccc3ccccc3c2)CC1,0.208945306349195,-0.0468142606731286,134.501414482379,283.6939934986151,1.3230777697158524
C=CC(=O)OC1CCC(OC2CC3CC2C2C=CCC32)CC1,0.208945306349195,-0.0479472301487097,134.501414482379,298.408182582918,1.305692112542941
C=CC(=O)OC1CCC(OC2CCC(Oc3ccc4ccccc4c3)CC2)CC1,0.208945306349195,-0.0513968743797173,134.501414482379,384.0862066337445,1.2330186599885045
C=CC(=O)OC1CCC(c2ccccc2)CC1,0.208945306349195,-0.0525439105514655,134.501414482379,229.1852860176678,1.409899385255378
C=CC(=O)Oc1ccc(Oc2ccccc2)cc1,0.208945306349195,-0.0655551574710974,134.501414482379,221.98881243289503,1.4250765305840747
C=CC(=O)Oc1ccc2ccccc2c1,0.208945306349195,-0.0656985364441046,134.501414482379,183.4090877180667,1.5313018126302702
C=CC(=O)OCc1cc(-c2cc(COc3cccc4ccccc34)on2)no1,0.208945306349195,-0.0709575690742363,134.501414482379,328.2625145747937,1.2756667320894324
C=CC(=O)Oc1ccc(-c2ccc(Oc3ccc4ccccc4c3)cc2)cc1,0.208945306349195,-0.0829009689803948,134.501414482379,337.73464386723583,1.2673502146562412
C=CC(=O)OC1CCC(Cc2ccc(Br)cc2Br)CC1,0.2158227558731036,-0.0011684004665417,138.0128184223989,285.5152059008845,1.3300299803414553
C=CC(=O)Oc1occc1Nc1ccc(Br)cc1Br,0.2158227558731036,-0.0066769416927294,138.0128184223989,245.51480902260244,1.390409758699839
C=CC(=O)Oc1ccoc1Nc1cccc2ccccc12,0.2158227558731036,-0.007386117756267,138.0128184223989,249.72718556223583,1.38300696811317
C=CC(=O)OCc1ccc(Cc2cccc3ccccc23)cc1,0.2158227558731036,-0.0089398022293047,138.0128184223989,289.09141114840673,1.3255438550628973
C=CC(=O)Oc1ccoc1-c1ccc(Br)cc1Br,0.2158227558731036,-0.0091413859725995,138.0128184223989,233.65224565604888,1.4129246376045939
C=CC(=O)OC1CCC(Nc2ccc(Br)cc2Br)CC1,0.2158227558731036,-0.0098761613964037,138.0128184223989,285.054734086121,1.330616773296637
C=CC(=O)OCc1ccc(Cc2ccc(Br)cc2Br)cc1,0.2158227558731036,-0.0125610236526532,138.0128184223989,286.25372036854026,1.3290932820148478
C=CC(=O)OC1CCC(Cc2ccccc2)CC1,0.2158227558731036,-0.0227920110820727,138.0128184223989,248.54706904142716,1.3850517968757368
C=CC(=O)Oc1occc1-c1cccc2ccccc12,0.2158227558731036,-0.0278961654304461,138.0128184223989,235.58874976475835,1.409069132319996
C=CC(=O)Oc1ccc(Br)cc1Br,0.2158227558731036,-0.0292305942176775,138.0128184223989,179.92383453064676,1.5608767221691835
C=CC(=O)OCc1ccc(Nc2ccccc2)cc1,0.2158227558731036,-0.0343457158206896,138.0128184223989,243.26492020063088,1.3944849334040743
C=CC(=O)OCc1ccc(-c2ccccc2)cc1,0.2158227558731036,-0.0346367951034502,138.0128184223989,229.31463195103763,1.4218370844426371
C=CC(=O)OC1CCC(Nc2ccccc2)CC1,0.2158227558731036,-0.0348283048271136,138.0128184223989,243.5360095925827,1.393989308109808
C=CC(=O)Oc1occc1Cc1ccc(Br)cc1Br,0.2158227558731036,-0.0367513741849856,138.0128184223989,250.0137091688604,1.38251384374989
C=CC(=O)Oc1ccoc1-c1cccc2ccccc12,0.2158227558731036,-0.0483062263130144,138.0128184223989,238.97448369731688,1.4025025330106509
C=CC(=O)Oc1occc1Oc1ccc(Br)cc1Br,0.2158227558731036,-0.0545186694263415,138.0128184223989,242.20506811616667,1.3964349414004715
C=CC(=O)Oc1occc1Oc1cccc2ccccc12,0.2158227558731036,-0.0573582347034411,138.0128184223989,245.4885641205929,1.3904567990035348
C=CC(=O)Oc1occc1Cc1ccccc1,0.2158227558731036,-0.0596312280296282,138.0128184223989,212.01372053042147,1.4617017594210127
C=CC(=O)OCc1ccc(Nc2ccc(Br)cc2Br)cc1,0.2158227558731036,-0.0839361850620313,138.0128184223989,280.22891507198483,1.3368967038398338
C=CC(=O)Oc1ccoc1Nc1ccccc1,0.2158227558731036,-0.0961488853692011,138.0128184223989,206.5108382408424,1.4760617283442576
C=CC(=O)Oc1occc1-c1ccoc1Oc1ccoc1Oc1cccc2ccccc12,0.2158227558731036,-0.1084228758216901,138.0128184223989,365.4140503787198,1.2525782519358748
C=CC(=O)OCc1ccc(-c2ccc(COc3ccc(COc4cccc5ccccc45)cc3)cc2)cc1,0.2158227558731036,-0.1438527111412091,138.0128184223989,469.2890883152173,1.1938045624503824
C=CC(=O)Oc1cccc(COc2cccc3ccccc23)c1,0.2181152390477398,-0.0096086250779369,139.18328640240554,282.2784185494416,1.3373274826914534
C=CC(=O)OCc1cccc(Nc2cccc3ccccc23)c1,0.2181152390477398,-0.0107570873734691,139.18328640240554,286.2850022295794,1.3321266881755618
C=CC(=O)Oc1ccc(Oc2c(C=C)oc3ccccc23)cc1,0.2181152390477398,-0.0140698266985675,139.18328640240554,272.3175863167036,1.351006123668918
C=CC(=O)OCc1cc(C=O)cc(OC)c1Oc1ccc(O)cc1,0.2181152390477398,-0.02025511732075,139.18328640240554,295.3212723474011,1.3209754211825144
C=CC(=O)OC1c2ccccc2-c2ccccc21,0.2181152390477398,-0.0210866617200115,139.18328640240554,217.37027302671828,1.452953738984523
C=CC(=O)Oc1c(C=C)oc2ccccc12,0.2181152390477398,-0.0227836655614116,139.18328640240554,193.6906829858495,1.5185663265371936
C=CC(=O)Oc1c(CNc2ccc(O)cc2)cc(C=O)cc1OC,0.2181152390477398,-0.0250405384066364,139.18328640240554,298.5785472993909,1.3171401402692806
C=CC(=O)Oc1ccc(Nc2ccc(O)cc2)cc1,0.2181152390477398,-0.0264714943406322,139.18328640240554,233.92843556666944,1.416352896756435
C=CC(=O)OCc1cccc(Oc2cccc3c2Cc2ccccc2-3)c1,0.2181152390477398,-0.0317281795504352,139.18328640240554,316.3692800326008,1.2977328969796955
C=CC(=O)OCc1cccc(Oc2c(C=C)oc3ccccc23)c1,0.2181152390477398,-0.0342721057894489,139.18328640240554,291.37362234036783,1.3257519556871658
C=CC(=O)Oc1cccc(CNc2cccc3c2Cc2ccccc2-3)c1,0.2181152390477398,-0.0355248464110156,139.18328640240554,320.3363925714101,1.293729428847868
C=CC(=O)Oc1ccc2cc(C#N)c(=O)oc2c1,0.2181152390477398,-0.0364579843518474,139.18328640240554,204.34888418288247,1.4867547880526666
C=CC(=O)Oc1ccc(-c2ccc(O)cc2)cc1,0.2181152390477398,-0.0367159830567577,139.18328640240554,224.10874853125608,1.4372885233181778
C=CC(=O)Oc1cccc2c1Cc1ccccc1-2,0.2181152390477398,-0.0416299985882976,139.18328640240554,218.45656397250303,1.4503507837364542
C=CC(=O)Oc1c(COc2cccc3ccccc23)cc(C=O)cc1OC,0.2181152390477398,-0.0431411279204151,139.18328640240554,327.62090688164136,1.2866555504474004
C=CC(=O)Oc1c(COc2c(C=C)oc3ccccc23)cc(C=O)cc1OC,0.2181152390477398,-0.044483513927724,139.18328640240554,339.1730969457174,1.2761190332842811
C=CC(=O)OCc1cccc(-c2cccc3c2Cc2ccccc2-3)c1,0.2181152390477398,-0.047808618641164,139.18328640240554,306.4718840147261,1.3082213500804307
C=CC(=O)OCc1cccc(Nc2ccc(O)cc2)c1,0.2181152390477398,-0.0538044857022503,139.18328640240554,249.90645855564023,1.3863493253022423
C=CC(=O)Oc1c(COc2ccc3cc(C#N)c(=O)oc3c2)cc(C=O)cc1OC,0.2181152390477398,-0.0543501389982959,139.18328640240554,346.73668383310905,1.2696352847028334
C=CC(=O)OCc1cc(C=O)cc(OC)c1OCc1cc(C=O)cc(OC)c1Oc1cccc2c1Cc1ccccc1-2,0.2181152390477398,-0.0585072351458332,139.18328640240554,506.24282520011474,1.1806103000887234
C=CC(=O)Oc1cccc(CNc2ccc(O)cc2)c1,0.2181152390477398,-0.0636262880799511,139.18328640240554,250.4731463110513,1.3853661550665037
C=CC(=O)OCc1cc(C=O)cc(OC)c1Oc1cccc2c1Cc1ccccc1-2,0.2181152390477398,-0.1011652363302967,139.18328640240554,361.887453561707,1.2575323694266893
C=CC(=O)OCc1cc(C=O)cc(OC)c1Nc1cccc2c1Cc1ccccc1-2,0.2181152390477398,-0.1046528829100391,139.18328640240554,367.03435998096455,1.2536671372536974
C=CC(=O)Oc1ccc(O)cc1,0.2181152390477398,-0.11156371107075,139.18328640240554,150.56345145860166,1.708657177526486
C=CC(=O)Oc1cccc(COc2cccc(CNc3cccc4c3Cc3ccccc3-4)c2)c1,0.2181152390477398,-0.1376970125201007,139.18328640240554,416.2915688997228,1.2218524538670639
C=CC(=O)Oc1ccc(Nc2c(Cl)c(Cl)c(Cl)c(Cl)c2Cl)cc1,0.2249926885716483,-0.0071819761641457,142.69469034242542,302.71156374357304,1.321045495367746
C=CC(=O)OCc1ccc(Nc2cccc3ccccc23)cc1,0.2249926885716483,-0.0112560132391884,142.69469034242542,285.2124995885838,1.3428028314219178
C=CC(=O)OCC1c2ccccc2-c2ccccc21,0.2249926885716483,-0.0164908131711051,142.69469034242542,235.566329406604,1.4249633484675208
C=CC(=O)OCc1ccc(Nc2c(Cl)c(Cl)c(Cl)c(Cl)c2Cl)cc1,0.2249926885716483,-0.0247629323847725,142.69469034242542,318.55457093313413,1.3036336439193
C=CC(=O)Oc1ccccc1N=Nc1ccccc1,0.2249926885716483,-0.0272568723313376,142.69469034242542,233.59507203468044,1.4290689619322603
C=CC(=O)Oc1cccc(Nc2c(Cl)c(Cl)c(Cl)c(Cl)c2Cl)c1,0.2249926885716483,-0.0315624514468147,142.69469034242542,302.45602732520786,1.3213429936991656
C=CC(=O)Oc1cccc(NCC2c3ccccc3-c3ccccc32)c1,0.2249926885716483,-0.0498896876223518,142.69469034242542,319.68629395402576,1.3024629380979311
C=CC(=O)Oc1cccc(Oc2c(Br)cccc2Br)c1,0.2249926885716483,-0.0504922529809043,142.69469034242542,263.03997990417963,1.3751078106480539
C=CC(=O)Oc1c(Br)cccc1Br,0.2249926885716483,-0.0599370857827231,142.69469034242542,180.51531419949563,1.5818207667990625
C=CC(=O)Oc1cccc(Oc2ccccc2N=Nc2ccccc2)c1,0.2249926885716483,-0.061477158392234,142.69469034242542,312.87748837654385,1.3096479611561922
C=CC(=O)Oc1ccc(COc2ccccc2N=Nc2ccccc2)cc1,0.2249926885716483,-0.0619785228617622,142.69469034242542,331.74959756012186,1.2905305450734141
C=CC(=O)OCc1ccc(Oc2ccccc2N=Nc2ccccc2)cc1,0.2249926885716483,-0.0643230417616798,142.69469034242542,330.17543948607107,1.2920331619670324
C=CC(=O)OCc1ccc(OCc2ccc(Oc3cccc4ccccc34)cc2)cc1,0.2249926885716483,-0.0689598956950142,142.69469034242542,378.2515369331933,1.2522630058564939
C=CC(=O)OCc1ccc(Nc2ccccc2N=Nc2ccccc2)cc1,0.2249926885716483,-0.0701394716151192,142.69469034242542,333.976836373363,1.288431122959563
C=CC(=O)Oc1ccc(NCC2c3ccccc3-c3ccccc32)cc1,0.2249926885716483,-0.0751178303606941,142.69469034242542,319.34900503430583,1.3028108852492035
C=CC(=O)Oc1ccc(-c2ccc(Oc3cccc4ccccc34)cc2)cc1,0.2249926885716483,-0.0801999011881783,142.69469034242542,338.03283210827925,1.2846858768896425
C=CC(=O)Oc1ccc(Nc2ccccc2N=Nc2ccccc2)cc1,0.2249926885716483,-0.0823911169417336,142.69469034242542,316.55849894799235,1.3057210575707043
C=CC(=O)Oc1cccc(Oc2cccc(Oc3cccc4ccccc34)c2)c1,0.2249926885716483,-0.0902476647742226,142.69469034242542,343.395282116037,1.27988301141438
C=CC(=O)OCc1ccc(OCc2ccc(OCc3ccc(OCC4c5ccccc5-c5ccccc54)cc3)cc2)cc1,0.2249926885716483,-0.0917615035422279,142.69469034242542,530.7585468772751,1.1764398986444322
C=CC(=O)Oc1ccc(-c2ccc(Oc3c(Br)cccc3Br)cc2)cc1,0.2249926885716483,-0.1148765424139931,142.69469034242542,331.803321591488,1.2904795393679989
C=CC(=O)Oc1ccc(-c2ccc(Oc3ccc(Oc4c(Cl)c(Cl)c(Cl)c(Cl)c4Cl)cc3)cc2)cc1,0.2249926885716483,-0.1303812900431587,142.69469034242542,451.7518806446236,1.2089258479759966
C=CC(=O)OCc1ccc(-c2ccc(COCC3c4ccccc4-c4ccccc43)cc2)cc1,0.2249926885716483,-0.1312897244341805,142.69469034242542,424.0105207292278,1.22339490034532
C=CC(=O)Oc1cccc(Oc2cccc(OCC3c4ccccc4-c4ccccc43)c2)c1,0.2249926885716483,-0.2402445712931587,142.69469034242542,395.6250659367324,1.240456267744726
C=CC(=O)Oc1cccc(-c2c(Br)cccc2Br)c1,0.2272851717462845,-0.000172699688942,143.86515832243205,252.70470933959447,1.3960289510637798
C=CC(=O)OCCC(C)(C)Oc1c(Br)cc(Cl)c2cccnc12,0.2272851717462845,-0.0050035166749648,143.86515832243205,308.5223483210762,1.3172525267886763
C=CC(=O)Oc1cccc(Sc2c(Br)cccc2Br)c1,0.2272851717462845,-0.0078739273557356,143.86515832243205,271.1746417157126,1.365876393650785
C=CC(=O)OCCC(C)(C)Nc1c(Br)cccc1Br,0.2272851717462845,-0.0097746503343888,143.86515832243205,276.5400901726801,1.3579757214050214
C=CC(=O)Oc1cccc(Sc2cccc3c2[nH]c2ccccc23)c1,0.2272851717462845,-0.0114246356496504,143.86515832243205,302.09738738336586,1.3246594910171403
C=CC(=O)OC(C)(C)CCNc1ccc2c(C)cc(=O)oc2c1,0.2272851717462845,-0.0118197548398665,143.86515832243205,298.1470073956205,1.3293909314149144
C=CC(=O)OC(C)(C)CCOc1c(Br)cc(Cl)c2cccnc12,0.2272851717462845,-0.0137825262537308,143.86515832243205,309.3425475558394,1.3163316189807506
C=CC(=O)Oc1cccc(-c2ccc3c(C)cc(=O)oc3c2)c1,0.2272851717462845,-0.0149133157720871,143.86515832243205,273.32474076995607,1.362667997264033
C=CC(=O)Oc1ccc(Nc2c(Br)cccc2Br)cc1,0.2272851717462845,-0.0152069675931624,143.86515832243205,265.7581477296329,1.3742218720499972
C=CC(=O)Oc1ccc(Nc2ccc3c(C)cc(=O)oc3c2)cc1,0.2272851717462845,-0.0169850337514571,143.86515832243205,287.28787397175853,1.343151390042707
C=CC(=O)OCc1ccc(-c2c(Br)cccc2Br)cc1,0.2272851717462845,-0.0173043262949295,143.86515832243205,269.39936094485984,1.3685694898675562
C=CC(=O)OC(C)(C)CCNc1c(Br)cccc1Br,0.2272851717462845,-0.0190528285494156,143.86515832243205,276.158542681095,1.3585260411507756
C=CC(=O)Oc1ccc(-c2c(Br)cc(Cl)c3cccnc23)cc1,0.2272851717462845,-0.0231590616712264,143.86515832243205,287.2983010816235,1.3431376152316088
C=CC(=O)OCc1ccc(Sc2cccc3c2[nH]c2ccccc23)cc1,0.2272851717462845,-0.0260533738145522,143.86515832243205,319.9379382451998,1.3049056052593508
C=CC(=O)Oc1cccc(Nc2c(Br)cccc2Br)c1,0.2272851717462845,-0.026781861782997,143.86515832243205,265.6549031104567,1.3743847254097301
C=CC(=O)Oc1c(Br)cc(Cl)c2cccnc12,0.2272851717462845,-0.0269417417040177,143.86515832243205,215.2113562635589,1.476207581066259
C=CC(=O)Oc1ccc(Oc2c(Br)cc(Cl)c3cccnc23)cc1,0.2272851717462845,-0.0358666825303725,143.86515832243205,297.28296631089694,1.3304445738102175
C=CC(=O)OCc1ccc(Nc2ccc3c(C)cc(=O)oc3c2)cc1,0.2272851717462845,-0.0419471311578444,143.86515832243205,304.6745867992318,1.3216465364025776
C=CC(=O)Oc1cccc(Nc2ccc3c(C)cc(=O)oc3c2)c1,0.2272851717462845,-0.0452946770200423,143.86515832243205,286.1986389079803,1.3445965650890068
C=CC(=O)Oc1cccc2c1[nH]c1ccccc12,0.2272851717462845,-0.0514587712278672,143.86515832243205,213.4124899106306,1.480905510580048
C=CC(=O)Oc1ccc2c(C)cc(=O)oc2c1,0.2272851717462845,-0.0548585307588883,143.86515832243205,202.49093829345185,1.5116197591190004
C=CC(=O)OCc1ccc(Nc2c(Br)cc(Cl)c3cccnc23)cc1,0.2272851717462845,-0.0553806173810652,143.86515832243205,317.814923174851,1.3071274070899102
C=CC(=O)OCCC(C)(C)Sc1cccc2c1[nH]c1ccccc12,0.2272851717462845,-0.0606321740159682,143.86515832243205,317.3208862496957,1.3076491573690925
C=CC(=O)Oc1cccc(Nc2c(Br)cc(Cl)c3cccnc23)c1,0.2272851717462845,-0.0764555978784255,143.86515832243205,299.1126511529137,1.328221451503906
C=CC(=O)Oc1ccc(Nc2c(Br)cc(Cl)c3cccnc23)cc1,0.2272851717462845,-0.0840325105199507,143.86515832243205,300.43399867106945,1.3266348050308343
C=CC(=O)OCc1ccc(OCc2ccc(-c3c(Br)cc(Cl)c4cccnc34)cc2)cc1,0.2272851717462845,-0.0973114717015914,143.86515832243205,402.2759952427504,1.2382890679757619
C=CC(=O)Oc1cccc(Sc2ccc3c(C)cc(=O)oc3c2)c1,0.2272851717462845,-0.0997754979142836,143.86515832243205,292.9568816086405,1.3358248389627356
C=CC(=O)OC(C)(C)CCOC(C)(C)CCNc1cccc2c1[nH]c1ccccc12,0.2272851717462845,-0.1076577949533156,143.86515832243205,404.62811070598514,1.2368152380152038
C=CC(=O)OCc1ccc(OCc2ccc(Nc3c(Br)cccc3Br)cc2)cc1,0.2272851717462845,-0.1159279990205458,143.86515832243205,380.44544315209953,1.252907624829508
C=CC(=O)Oc1ccc(Oc2ccc(Oc3ccc(-c4cccc5c4[nH]c4ccccc45)cc3)cc2)cc1,0.2272851717462845,-0.1626133966455153,143.86515832243205,445.55773945765696,1.2138260265446297
C=CC(=O)Oc1ccc(Oc2ccnc3cc(Cl)ccc23)cc1,0.2295776549209207,-0.0007543620239645,145.03562630243871,274.6357152928509,1.3640120078095177
C=CC(=O)OCc1cc(Oc2ccc3cc(C#N)c(=O)oc3c2)no1,0.2295776549209207,-0.0015812274586111,145.03562630243871,278.36105989506075,1.3585894921669597
C=CC(=O)OCc1cc(Oc2ccc3c(C)cc(=O)oc3c2)no1,0.2295776549209207,-0.0063016358245462,145.03562630243871,277.2654152722706,1.3601671006352385
C=CC(=O)Oc1cc(CNc2ccc3c(C)cc(=O)oc3c2)on1,0.2295776549209207,-0.0072909835208505,145.03562630243871,281.19776781821616,1.3545696819815196
C=CC(=O)OCc1ccc(-c2ccnc3cc(Cl)ccc23)cc1,0.2295776549209207,-0.0099391099583059,145.03562630243871,283.26158327911963,1.3517023805366766
C=CC(=O)OCCCN=Cc1ccc(OC)cc1,0.2295776549209207,-0.0150399151671976,145.03562630243871,240.593057111534,1.4226185636108284
C=CC(=O)Oc1ccc(-c2ccc3cc(C#N)c(=O)oc3c2)cc1,0.2295776549209207,-0.0207789781917184,145.03562630243871,274.20613010344016,1.3646480835542987
C=CC(=O)OCc1cc(Nc2ccc3c(C)cc(=O)oc3c2)no1,0.2295776549209207,-0.02488782437931,145.03562630243871,280.9874934722644,1.354864498926541
C=CC(=O)OCc1ccc(Oc2ccc3cc(C#N)c(=O)oc3c2)cc1,0.2295776549209207,-0.0287934896122366,145.03562630243871,301.8991610766764,1.3277995092089623
C=CC(=O)OCc1ccc(OCCCN=Cc2ccc(OC)cc2)cc1,0.2295776549209207,-0.0325594898830801,145.03562630243871,341.14404099540405,1.2868853672259628
C=CC(=O)OCc1ccc(NCCCN=Cc2ccc(OC)cc2)cc1,0.2295776549209207,-0.0356943663727193,145.03562630243871,346.84986552116345,1.2817831878470392
C=CC(=O)OCc1ccc(-c2ccc3c(C)cc(=O)oc3c2)cc1,0.2295776549209207,-0.0358169433246999,145.03562630243871,287.8609857377538,1.3454792968143543
C=CC(=O)Oc1ccc(Nc2ccc3cc(C#N)c(=O)oc3c2)cc1,0.2295776549209207,-0.0360540506016164,145.03562630243871,288.0725343711944,1.34519846018582
C=CC(=O)OCc1ccc(Nc2ccnc3cc(Cl)ccc23)cc1,0.2295776549209207,-0.0363009330402761,145.03562630243871,300.2553211623559,1.329774028975876
C=CC(=O)Oc1cc(CNc2ccnc3cc(Cl)ccc23)on1,0.2295776549209207,-0.0366399231780618,145.03562630243871,276.4515671596599,1.3613481508798817
C=CC(=O)Oc1ccc(CNc2ccc3cc(C#N)c(=O)oc3c2)cc1,0.2295776549209207,-0.037691509402886,145.03562630243871,302.9724467164476,1.3265232464529728
C=CC(=O)Oc1ccc(CNc2ccc3c(C)cc(=O)oc3c2)cc1,0.2295776549209207,-0.0435843822132497,145.03562630243871,304.41815494810174,1.324820023654971
C=CC(=O)Oc1c(Nc2ccnc3cc(Cl)ccc23)cc(C=O)cc1OC,0.2295776549209207,-0.0466196891437917,145.03562630243871,325.86971794744085,1.3015141409674493
C=CC(=O)Oc1cc(C=O)cc(OC)c1-c1ccc2cc(C#N)c(=O)oc2c1,0.2295776549209207,-0.0469380375515371,145.03562630243871,321.11159464076087,1.3063857194991657
C=CC(=O)Oc1ccnc2cc(Cl)ccc12,0.2295776549209207,-0.0601468029845804,145.03562630243871,196.1381572514169,1.5366160840215617
C=CC(=O)Oc1c(Nc2ccc3cc(C#N)c(=O)oc3c2)cc(C=O)cc1OC,0.2295776549209207,-0.0602004882465749,145.03562630243871,334.3287744245175,1.2932307345420984
C=CC(=O)Oc1c(OC)cc(C=O)cc1Oc1ccc2c(C)cc(=O)oc2c1,0.2295776549209207,-0.0617289003502279,145.03562630243871,327.3420166302577,1.3000384352206176
C=CC(=O)Oc1ccc(COc2ccc(COc3ccc(COc4ccc5cc(C#N)c(=O)oc5c4)cc3)cc2)cc1,0.2295776549209207,-0.0617727395664602,145.03562630243871,501.5223474649523,1.190421389743311
C=CC(=O)Oc1cc(C=O)cc(OC)c1Oc1ccc2c(C)cc(=O)oc2c1,0.2295776549209207,-0.0634892341267019,145.03562630243871,329.41271646006624,1.2979875818321533
C=CC(=O)Oc1c(Nc2ccc3c(C)cc(=O)oc3c2)cc(C=O)cc1OC,0.2295776549209207,-0.0665487107407003,145.03562630243871,332.4814443157141,1.2950000557522008
C=CC(=O)Oc1cc(C=O)cc(OC)c1Nc1ccc2cc(C#N)c(=O)oc2c1,0.2295776549209207,-0.082866674340859,145.03562630243871,334.24317792274644,1.2933122406340258
C=CC(=O)Oc1c(NCCCN=Cc2ccc(OC)cc2)cc(C=O)cc1OC,0.2295776549209207,-0.0885328110824972,145.03562630243871,370.2482769133834,1.2626501904292253
C=CC(=O)Oc1cc(C=O)cc(OC)c1Nc1ccnc2cc(Cl)ccc12,0.2295776549209207,-0.0932565983902364,145.03562630243871,327.66099178832206,1.2997206522430282
C=CC(=O)Oc1ccc(COc2ccc(COCCCN=Cc3ccc(OC)cc3)cc2)cc1,0.2295776549209207,-0.1126690265308767,145.03562630243871,435.8899334934395,1.2207244550578706
C=CC(=O)Oc1ccc(-c2ccc(OCCCN=Cc3ccc(OC)cc3)cc2)cc1,0.2295776549209207,-0.1137200948368459,145.03562630243871,395.1210891681111,1.244996619099576
C=CC(=O)OCc1ccc(-c2ccc(COCCCN=Cc3ccc(OC)cc3)cc2)cc1,0.2295776549209207,-0.1414709147583395,145.03562630243871,425.32913995973365,1.226533802066662
C=CC(=O)Oc1cc(C=O)cc(OC)c1Oc1cc(C=O)cc(OC)c1-c1c(OC)cc(C=O)cc1OCCCN=Cc1ccc(OC)cc1,0.2295776549209207,-0.154763167775765,145.03562630243871,614.1264227625016,1.154191012460558
C=CC(=O)Oc1ccccc1Oc1ccc2ccccc2c1,0.2318701380955569,-0.0012627476918093,146.20609428244535,267.0649686268185,1.3789638984857997
C=CC(=O)OCC(C)(C)COc1ccc(N=Nc2ccccc2)cc1,0.2318701380955569,-0.0040666991936557,146.20609428244535,324.40166524590865,1.3056662312136726
C=CC(=O)Oc1ccccc1-c1ccc(C=O)c2ccccc12,0.2318701380955569,-0.0048213536011569,146.20609428244535,275.84635812160053,1.3654927298434805
C=CC(=O)Oc1ccoc1OCCCN=Cc1ccc(OC)cc1,0.2318701380955569,-0.0060858493579037,146.20609428244535,304.0515947785053,1.328136146418616
C=CC(=O)OCC(C)(C)COCCCN=Cc1ccc(OC)cc1,0.2318701380955569,-0.0173099106085903,146.20609428244535,334.8766269143295,1.295275634032773
C=CC(=O)Oc1ccc(N=Nc2ccccc2)cc1,0.2318701380955569,-0.0174908274876468,146.20609428244535,229.64449834872207,1.4499764642040303
C=CC(=O)Oc1ccccc1-c1ccccc1N=Nc1ccccc1,0.2318701380955569,-0.0259206360114224,146.20609428244535,302.9111268158217,1.3294953178039317
C=CC(=O)Oc1ccoc1Oc1ccc(N=Nc2ccccc2)cc1,0.2318701380955569,-0.0301794772875912,146.20609428244535,297.02355479263434,1.3366982867053205
C=CC(=O)Oc1ccccc1OCCCN=Cc1ccc(OC)cc1,0.2318701380955569,-0.0344091420901425,146.20609428244535,322.68494473795147,1.3074403803249037
C=CC(=O)Oc1ccccc1Oc1ccc(C=O)c2ccccc12,0.2318701380955569,-0.0392385786307461,146.20609428244535,286.1806987872521,1.350839153683175
C=CC(=O)Oc1ccoc1Oc1ccoc1-c1ccc2ccccc2c1,0.2318701380955569,-0.0560068255198605,146.20609428244535,299.38508278363946,1.3337709800361672
C=CC(=O)Oc1occc1Oc1occc1Oc1ccc(N=Nc2ccccc2)cc1,0.2318701380955569,-0.0763691728842861,146.20609428244535,356.505801352664,1.2759361211066311
C=CC(=O)Oc1ccoc1Oc1ccoc1Oc1ccc(N=Nc2ccccc2)cc1,0.2318701380955569,-0.1058460539115078,146.20609428244535,355.646140198169,1.2766556758609995
C=CC(=O)Oc1occc1Oc1occc1-c1ccccc1N=Nc1ccccc1,0.2318701380955569,-0.1098686819804318,146.20609428244535,347.3541656549482,1.2837966127476554
C=CC(=O)Oc1occc1-c1ccoc1Oc1ccoc1Oc1ccnc2cc(Cl)ccc12,0.2318701380955569,-0.1130620306265957,146.20609428244535,372.93956249308775,1.2628745146884193
C=CC(=O)Oc1ccccc1-c1ccccc1Oc1ccccc1N=Nc1ccccc1,0.2318701380955569,-0.1156431501639492,146.20609428244535,384.35879892508086,1.2545113963028076
C=CC(=O)Oc1ccccc1Oc1ccccc1-c1ccccc1OCCCN=Cc1ccc(OC)cc1,0.2318701380955569,-0.1620750194323666,146.20609428244535,476.0138202097247,1.2028544425228287
C=CC(=O)Oc1occc1-c1ccoc1Oc1ccoc1Oc1ccccc1N=Nc1ccccc1,0.2318701380955569,-0.1810610657466061,146.20609428244535,407.9514006160906,1.2388302920219965
C=CC(=O)Oc1ccc(Oc2cccc3c2Cc2ccccc2-3)cc1,0.2364551044448293,-0.0016172610775553,148.54703024245862,299.65469921945595,1.3393343469121946
C=CC(=O)Oc1ccc(-c2ccccc2N=Nc2ccccc2)cc1,0.2364551044448293,-0.0022741473658956,148.54703024245862,304.3453640392822,1.3335694434861767
C=CC(=O)Oc1ccccc1Sc1ccnc2cc(Cl)ccc12,0.2364551044448293,-0.0037183844105325,148.54703024245862,286.6637599938278,1.3564149294988084
C=CC(=O)Oc1ccc(-c2ccc(OCc3ccccc3)cc2)cc1,0.2364551044448293,-0.0058550917164408,148.54703024245862,308.7449841548966,1.3283405039714926
C=CC(=O)Oc1ccc(-c2cccc3c2Cc2ccccc2-3)cc1,0.2364551044448293,-0.0098804914013468,148.54703024245862,290.3663086671566,1.3513707021308483
C=CC(=O)Oc1ccc(Sc2cccc3c2Cc2ccccc2-3)cc1,0.2364551044448293,-0.0128686808601938,148.54703024245862,308.4910426534911,1.3286377731650465
C=CC(=O)Oc1ccc(Sc2ccnc3cc(Cl)ccc23)cc1,0.2364551044448293,-0.0164792918221079,148.54703024245862,286.4502106360055,1.3567103712548387
C=CC(=O)Oc1ccccc1-c1ccnc2cc(Cl)ccc12,0.2364551044448293,-0.0166992329613291,148.54703024245862,266.255714368409,1.3871063242779011
C=CC(=O)OCc1cc(C=O)cc(OC)c1-c1ccnc2cc(Cl)ccc12,0.2364551044448293,-0.0177537881390177,148.54703024245862,333.6686503960209,1.301603252659655
C=CC(=O)Oc1c(COc2ccnc3cc(Cl)ccc23)cc(C=O)cc1OC,0.2364551044448293,-0.0186266981617533,148.54703024245862,339.5568250583817,1.295919541939943
C=CC(=O)Oc1ccc(-c2ccnc3cc(Cl)ccc23)cc1,0.2364551044448293,-0.020905814264623,148.54703024245862,266.609206013032,1.3865287681302851
C=CC(=O)OCc1cc(C=O)cc(OC)c1Sc1ccnc2cc(Cl)ccc12,0.2364551044448293,-0.0332536481873117,148.54703024245862,349.3982411934029,1.2868899124422215
C=CC(=O)Oc1ccc(Sc2ccccc2N=Nc2ccccc2)cc1,0.2364551044448293,-0.0424434923187815,148.54703024245862,321.7140488258898,1.3138530852387662
C=CC(=O)Oc1ccccc1-c1ccccc1Oc1ccnc2cc(Cl)ccc12,0.2364551044448293,-0.0528964780823313,148.54703024245862,349.20705753113623,1.287060001085575
C=CC(=O)Oc1ccc(OCCCN=Cc2ccc(OC)cc2)cc1,0.2364551044448293,-0.0640516959683023,148.54703024245862,323.26114349814566,1.3122111219469663
C=CC(=O)OCc1cc(C=O)cc(OC)c1-c1cccc2c1Cc1ccccc1-2,0.2364551044448293,-0.0687405847565256,148.54703024245862,354.07297145348554,1.282793651513126
C=CC(=O)Oc1ccc(Oc2ccccc2N=Nc2ccccc2)cc1,0.2364551044448293,-0.0732463382736765,148.54703024245862,313.18769849144314,1.3232268703299053
C=CC(=O)Oc1ccccc1OCc1ccccc1,0.2364551044448293,-0.074250928257314,148.54703024245862,239.42637575555068,1.436784066499894
C=CC(=O)Oc1c(COc2cccc3c2Cc2ccccc2-3)cc(C=O)cc1OC,0.2364551044448293,-0.074363537933024,148.54703024245862,364.32641437925406,1.2742113348880713
C=CC(=O)Oc1c(COCCCN=Cc2ccc(OC)cc2)cc(C=O)cc1OC,0.2364551044448293,-0.0746518157974802,148.54703024245862,386.24616506819626,1.257523621787129
C=CC(=O)Oc1ccc(Cc2ccc(O)c3ncccc23)c(O)c1,0.2387475876194655,-0.0029202492850602,149.71749822246525,285.90977256569613,1.3605963706411777
C=CC(=O)OCc1ccc(Cc2ccnc3cc(Cl)ccc23)cc1,0.2387475876194655,-0.006651988444966,149.71749822246525,300.3211635438794,1.3414505421290628
C=CC(=O)Oc1ccc(Cc2ccc(O)c3ncccc23)cc1O,0.2387475876194655,-0.0087440518719374,149.71749822246525,287.28339528895395,1.3586775445115928
C=CC(=O)Oc1ccccc1Cc1ccc2ccccc2c1,0.2387475876194655,-0.0089467855113327,149.71749822246525,275.08421988299847,1.3764852692950058
C=CC(=O)Oc1ccc(Oc2ccc3ccccc3c2)c(O)c1,0.2387475876194655,-0.0118858126980483,149.71749822246525,273.2129505219913,1.3793779637595207
C=CC(=O)Oc1ccc(Sc2ccc3ccccc3c2)cc1O,0.2387475876194655,-0.0120889933722794,149.71749822246525,282.5255681671432,1.365414409263942
C=CC(=O)Oc1ccc(Cc2c(Br)cc(Cl)c3cccnc23)c(O)c1,0.2387475876194655,-0.0159069092887223,149.71749822246525,314.7185687047857,1.3242833518865438
C=CC(=O)Oc1ccc(Sc2c(Br)cc(Cl)c3cccnc23)c(O)c1,0.2387475876194655,-0.0165523083823502,149.71749822246525,316.30300503943914,1.3225007193954657
C=CC(=O)Oc1ccc(Cc2ccc3cc(C#N)c(=O)oc3c2)cc1,0.2387475876194655,-0.0165749399048506,149.71749822246525,290.6373726626102,1.3540787058742294
C=CC(=O)Oc1ccc(Oc2ccnc3cc(Cl)ccc23)c(O)c1,0.2387475876194655,-0.023375084815663,149.71749822246525,285.6803726170471,1.3609188645712917
C=CC(=O)Oc1ccc(Sc2ccnc3cc(Cl)ccc23)cc1O,0.2387475876194655,-0.023535052122432,149.71749822246525,297.6669775215125,1.3448195423603901
C=CC(=O)Oc1ccccc1Sc1c(Br)cc(Cl)c2cccnc12,0.2387475876194655,-0.0278032215255082,149.71749822246525,306.3076018102964,1.3340925472554268
C=CC(=O)Oc1ccc(Cc2c(Br)cc(Cl)c3cccnc23)cc1,0.2387475876194655,-0.0286050232070267,149.71749822246525,303.38697115500844,1.3376415582704368
C=CC(=O)Oc1ccc(-c2ccnc3cc(Cl)ccc23)c(O)c1,0.2387475876194655,-0.0550821928364455,149.71749822246525,275.43803247203624,1.3759433880347
C=CC(=O)OCc1ccc(Cc2ccc3cc(C#N)c(=O)oc3c2)cc1,0.2387475876194655,-0.0557752342837632,149.71749822246525,307.8967434320412,1.3321932133585008
C=CC(=O)OCc1ccc(OCc2ccc(Cc3ccnc4cc(Cl)ccc34)cc2)cc1,0.2387475876194655,-0.0681766362803757,149.71749822246525,399.6401408018297,1.2503920583861061
C=CC(=O)Oc1ccc(-c2ccc(Oc3ccc4ccccc4c3)cc2O)c(O)c1,0.2387475876194655,-0.0781606825011551,149.71749822246525,353.83065648479857,1.2854161462377498
C=CC(=O)Oc1ccc(-c2ccc(O)c3ncccc23)cc1O,0.2387475876194655,-0.0799839289801896,149.71749822246525,269.86450489426187,1.384669163053726
C=CC(=O)Oc1ccc(Oc2ccc(-c3c(Br)cc(Cl)c4cccnc34)cc2O)cc1O,0.2387475876194655,-0.1265679093020737,149.71749822246525,386.3720728148486,1.2596086476080426
C=CC(=O)Oc1ccc(Oc2ccc3c(C)cc(=O)oc3c2)cc1,0.2433325539687379,-0.0005084682842985,152.05843418247852,282.5259387203888,1.3718026355878516
C=CC(=O)Oc1ccc(Oc2ccc(Oc3ccc(C=O)cc3)cc2)cc1,0.2433325539687379,-0.0010646094223753,152.05843418247852,322.891862840541,1.3207008349973672
C=CC(=O)Oc1ccc(Sc2ccc3c(C)cc(=O)oc3c2)cc1,0.2433325539687379,-0.0071846138098939,152.05843418247852,293.1462629775181,1.3568120581153813
C=CC(=O)Oc1ccc(Sc2ccc3ccccc3c2)cc1,0.2433325539687379,-0.0079778026202424,152.05843418247852,271.3144512389293,1.3890910774015142
C=CC(=O)Oc1ccc(-c2ccc(OCc3ccccc3)c(O)c2)cc1O,0.2433325539687379,-0.019653867616345,152.05843418247852,330.00141271706866,1.3131432304676853
C=CC(=O)Oc1ccc(Sc2ccc3c(C)cc(=O)oc3c2)cc1O,0.2433325539687379,-0.0221145857712523,152.05843418247852,301.5985583930133,1.3457342330155582
C=CC(=O)Oc1ccc(S[c-]2cccc2)cc1,0.2433325539687379,-0.0415929149249299,152.05843418247852,218.0726857483741,1.500393089390922
C=CC(=O)Oc1ccc(OCc2ccccc2)cc1O,0.2433325539687379,-0.0448762367823823,152.05843418247852,246.8941508795842,1.4331139472409502
C=CC(=O)Oc1ccc(-c2ccc(O[c-]3cccc3)cc2)cc1,0.2433325539687379,-0.0473244298836485,152.05843418247852,279.71987303622353,1.3759807681451086
C=CC(=O)Oc1ccc(O[c-]2cccc2)cc1,0.2433325539687379,-0.0515003393748506,152.05843418247852,207.78504714969785,1.5299715748366858
C=CC(=O)Oc1ccc(OCc2ccccc2)c(O)c1,0.2433325539687379,-0.060854975447963,152.05843418247852,248.1630677692553,1.4305759096755384
C=CC(=O)Oc1ccc(-[c-]2cccc2)cc1O,0.2433325539687379,-0.0653252791026338,152.05843418247852,207.95557447384456,1.529451767099867
C=CC(=O)Oc1ccc(Oc2ccc(Oc3ccc4ccccc4c3)cc2)cc1,0.2433325539687379,-0.0706552971741453,152.05843418247852,347.54507238199574,1.2959549807157569
C=CC(=O)OCc1ccc(O)c2ncccc12,0.2433325539687379,-0.0865878354171021,152.05843418247852,204.78791117475885,1.5392834529191124
C=CC(=O)Oc1ccc(C=O)cc1,0.2433325539687379,-0.0948990176776155,152.05843418247852,160.6669838537835,1.7307778529745474
C=CC(=O)Oc1ccc(Oc2ccc(Sc3ccc4ccccc4c3)c(O)c2)c(O)c1,0.2433325539687379,-0.1003999818703428,152.05843418247852,371.9870421932527,1.2749675085550183
C=CC(=O)Oc1ccc(Oc2ccc(-c3ccc(OCc4ccccc4)cc3O)c(O)c2)c(O)c1,0.2433325539687379,-0.1015842665573851,152.05843418247852,415.7402374022504,1.2440620293975306
C=CC(=O)Oc1ccc(Oc2ccc(-c3ccc(OCc4ccc(O)c5ncccc45)c(O)c3)cc2O)cc1O,0.2433325539687379,-0.1294001747509733,152.05843418247852,467.493882421038,1.2154874965022686
C=CC(=O)Oc1ccc(-c2ccc(Oc3ccc(Oc4ccc5c(C)cc(=O)oc5c4)c(O)c3)c(O)c2)cc1O,0.2433325539687379,-0.1398961056610838,152.05843418247852,459.6624015081737,1.2193702196417784
C=CC(=O)Oc1ccc(Oc2ccc(-c3ccc(O[c-]4cccc4)c(O)c3)cc2O)cc1O,0.2433325539687379,-0.1469016779801146,152.05843418247852,384.1907777135022,1.2655776252690387
C=CC(=O)Oc1ccc(OCCCN=Cc2ccc(OC)cc2)cc1O,0.2456250371433741,-0.0081506850220209,153.22890216248518,331.5615896823252,1.3141555995119436
C=CC(=O)OCc1cc(C=O)cc(OC)c1-c1cccc(F)c1F,0.2456250371433741,-0.0116306128002649,153.22890216248518,285.27094092575555,1.37097148536075
C=CC(=O)Oc1ccc(Oc2ccc(N=Nc3ccccc3)cc2)c(O)c1,0.2456250371433741,-0.0146322963737004,153.22890216248518,321.3968172598308,1.3250624228107033
C=CC(=O)Oc1ccc(-c2ccc(Oc3cccc(F)c3F)c(O)c2)cc1O,0.2456250371433741,-0.0217318417526728,153.22890216248518,322.7083690149297,1.323612036616225
C=CC(=O)OCc1cc(C=O)cc(OC)c1Sc1ccccc1,0.2456250371433741,-0.0262794675327784,153.22890216248518,294.90220177027084,1.3574856551996712
C=CC(=O)Oc1ccc(Sc2ccccc2)c(O)c1,0.2456250371433741,-0.0303414942718988,153.22890216248518,237.51183696260543,1.4569176066262162
C=CC(=O)OCc1cc(C=O)cc(OC)c1Sc1cccc(F)c1F,0.2456250371433741,-0.0355065943695551,153.22890216248518,303.35835265779207,1.346443231481247
C=CC(=O)OCc1cc(C=O)cc(OC)c1Oc1ccc2ccccc2c1,0.2456250371433741,-0.0384250102542394,153.22890216248518,329.2969987208869,1.3165206207782787
C=CC(=O)Oc1c(COc2c(CSc3cccc(F)c3F)cc(C=O)cc2OC)cc(C=O)cc1OC,0.2456250371433741,-0.040072929670667,153.22890216248518,451.4844153035814,1.2254022119195351
C=CC(=O)Oc1ccc(-c2ccc3ccccc3c2)cc1O,0.2456250371433741,-0.0445994021393305,153.22890216248518,266.0543002723238,1.401247839393398
C=CC(=O)Oc1c(COc2cccc(F)c2F)cc(C=O)cc1OC,0.2456250371433741,-0.0529383303619867,153.22890216248518,295.9459471556269,1.3560839985571014
C=CC(=O)Oc1ccc(SCC2c3ccccc3-c3ccccc32)c(O)c1,0.2456250371433741,-0.0583895264171117,153.22890216248518,334.58181765449245,1.3110567532408546
C=CC(=O)Oc1ccc(Sc2cccc(F)c2F)cc1O,0.2456250371433741,-0.0645629050232416,153.22890216248518,251.136034008616,1.4284896273326189
C=CC(=O)Oc1ccc(-c2cccc(F)c2F)cc1O,0.2456250371433741,-0.0685323657490259,153.22890216248518,231.18865881871432,1.471475104324463
C=CC(=O)OCc1cc(C=O)cc(OC)c1-c1ccc(N=Nc2ccccc2)cc1,0.2456250371433741,-0.0708428142570012,153.22890216248518,366.3954842857737,1.2818234541099713
C=CC(=O)Oc1ccc(Oc2ccc(Oc3ccc4ccccc4c3)c(O)c2)c(O)c1,0.2456250371433741,-0.0889880476497167,153.22890216248518,364.1594512113167,1.2836949509522797
C=CC(=O)OCc1cc(C=O)cc(OC)c1OCCCN=Cc1ccc(OC)cc1,0.2456250371433741,-0.0915129302047246,153.22890216248518,384.2599329536329,1.2677240606320872
C=CC(=O)Oc1ccc(Oc2ccc(Oc3ccc(Sc4ccccc4)c(O)c3)c(O)c2)c(O)c1,0.2456250371433741,-0.1033903775714391,153.22890216248518,420.91023047621815,1.2428442457348718
C=CC(=O)Oc1cccc(F)c1F,0.2456250371433741,-0.121947090516234,153.22890216248518,152.160801878949,1.7938323086673007
C=CC(=O)Oc1ccc(Oc2ccc(Oc3ccc(Sc4cccc(F)c4F)c(O)c3)c(O)c2)c(O)c1,0.2456250371433741,-0.1507153032325261,153.22890216248518,432.2363757812911,1.2360737894985478
C=CC(=O)Oc1ccc(CNc2cccc3c2Cc2ccccc2-3)cc1,0.2479175203180103,-0.0004795021677227,154.39937014249182,320.85624864827645,1.3283995088953477
C=CC(=O)Oc1ccc(NCc2ccc(O)c3ncccc23)cc1,0.2479175203180103,-0.0005374676847667,154.39937014249182,289.69607002345106,1.3677588119332171
C=CC(=O)OCc1cccc(Oc2ccc3cc(C#N)c(=O)oc3c2)c1,0.2479175203180103,-0.0043929941320629,154.39937014249182,301.9435787830953,1.3511929815796402
C=CC(=O)OCc1cccc(Nc2ccc3c(C)cc(=O)oc3c2)c1,0.2479175203180103,-0.0227292604112835,154.39937014249182,304.10213932895414,1.3484297305179203
C=CC(=O)OCc1ccc(Nc2ccc3cc(C#N)c(=O)oc3c2)cc1,0.2479175203180103,-0.0296253389978618,154.39937014249182,304.37357512046725,1.348085389298478
C=CC(=O)Oc1ccc(COCc2ccc(O)c3ncccc23)cc1,0.2479175203180103,-0.0302860312795429,154.39937014249182,303.5274874320065,1.3491610251844135
C=CC(=O)Oc1ccc(CNc2c(Br)cc(Cl)c3cccnc23)cc1,0.2479175203180103,-0.0307585723066539,154.39937014249182,314.48844551653985,1.3357301090284692
C=CC(=O)OCc1cccc(Cc2cccc3c2Cc2ccccc2-3)c1,0.2479175203180103,-0.0330204493665905,154.39937014249182,325.38020504098495,1.3233863055656099
C=CC(=O)OCc1cccc(Nc2ccc3cc(C#N)c(=O)oc3c2)c1,0.2479175203180103,-0.0384267098570079,154.39937014249182,304.89382842807424,1.3474273352104378
C=CC(=O)OCc1cccc(Nc2cccc3c2Cc2ccccc2-3)c1,0.2479175203180103,-0.0421782858038158,154.39937014249182,320.27278169208097,1.3290576128132092
C=CC(=O)OCc1ccc(Oc2cccc3c2Cc2ccccc2-3)cc1,0.2479175203180103,-0.0440245694780559,154.39937014249182,315.3776526312746,1.3346865045446616
C=CC(=O)OCc1ccc(Nc2cccc3c2Cc2ccccc2-3)cc1,0.2479175203180103,-0.0660658902788372,154.39937014249182,319.8697831575458,1.3295137320815722
C=CC(=O)OCc1cccc(-c2cccc(COCc3ccc(O)c4ncccc34)c2)c1,0.2479175203180103,-0.0858529038095684,154.39937014249182,394.7604863064394,1.262215738937398
C=CC(=O)OCc1cccc(-c2cccc(COc3ccc4cc(C#N)c(=O)oc4c3)c2)c1,0.2479175203180103,-0.1023447937631817,154.39937014249182,388.7820728882713,1.2665493034583282
C=CC(=O)OCc1ccc(OCc2ccc(-c3ccc4c(C)cc(=O)oc4c3)cc2)cc1,0.2479175203180103,-0.1084923274183483,154.39937014249182,388.0573148129478,1.2670845337607475
C=CC(=O)OCc1cccc(OCc2cccc(Nc3ccc4c(C)cc(=O)oc4c3)c2)c1,0.2479175203180103,-0.1228211648130626,154.39937014249182,399.4203581532358,1.2589355738193415
C=CC(=O)Oc1ccc(Nc2cccc3c2Cc2ccccc2-3)cc1,0.2502100034926465,-0.0001674457762768,155.56983812249845,302.8839186761312,1.352928977717877
C=CC(=O)Oc1cccc(CNc2ccc3ccccc3c2)c1,0.2502100034926465,-0.0007487400744488,155.56983812249845,285.5425868673335,1.3769204363239615
C=CC(=O)Oc1ccccc1OCc1ccc(O)c2ncccc12,0.2502100034926465,-0.0009726420666644,155.56983812249845,286.5887627480923,1.3753789891222161
C=CC(=O)Oc1ccccc1Nc1ccnc2cc(Cl)ccc12,0.2502100034926465,-0.0015016630913683,155.56983812249845,278.3621109085519,1.3878598235419497
C=CC(=O)OCc1cccc(Nc2ccc3ccccc3c2)c1,0.2502100034926465,-0.0051685706402728,155.56983812249845,284.37078904346185,1.3786624075399425
C=CC(=O)OCc1cccc(Nc2ccnc3cc(Cl)ccc23)c1,0.2502100034926465,-0.0064261690403887,155.56983812249845,298.5829844850955,1.3585841007186155
C=CC(=O)Oc1cccc(-c2ccnc3cc(Cl)ccc23)c1,0.2502100034926465,-0.0081351860735943,155.56983812249845,265.8939741618961,1.4084834612234154
C=CC(=O)OCc1cccc(NCc2ccc(O)c3ncccc23)c1,0.2502100034926465,-0.0137642487261822,155.56983812249845,308.7162124867673,1.3455445385596503
C=CC(=O)Oc1cccc(Nc2ccc3cc(C#N)c(=O)oc3c2)c1,0.2502100034926465,-0.0181988612439105,155.56983812249845,288.71067910159417,1.3722917492040363
C=CC(=O)Oc1ccccc1Nc1ccc2ccccc2c1,0.2502100034926465,-0.021817429425902,155.56983812249845,267.3302173426561,1.4059939454922743
C=CC(=O)Oc1ccccc1Nc1cccc2c1Cc1ccccc1-2,0.2502100034926465,-0.0238675013806292,155.56983812249845,301.3727164891183,1.3548951534392064
C=CC(=O)Oc1ccc(Nc2ccc3ccccc3c2)cc1,0.2502100034926465,-0.0254511996481945,155.56983812249845,267.6420898486486,1.405457462444018
C=CC(=O)Oc1ccc(Nc2ccnc3cc(Cl)ccc23)cc1,0.2502100034926465,-0.0260578528668353,155.56983812249845,278.83287228357955,1.3871227682269338
C=CC(=O)Oc1cccc(Nc2ccc3ccccc3c2)c1,0.2502100034926465,-0.0287621482585003,155.56983812249845,266.5050104995236,1.4074205068741332
C=CC(=O)OCc1cccc(-c2ccnc3cc(Cl)ccc23)c1,0.2502100034926465,-0.0312941833708813,155.56983812249845,285.2572456835775,1.3773431088430192
C=CC(=O)Oc1cccc(NCc2ccc(O)c3ncccc23)c1,0.2502100034926465,-0.0591030851628253,155.56983812249845,290.0548828498162,1.3703627146343853
C=CC(=O)Oc1ccccc1-c1ccccc1Oc1ccc2cc(C#N)c(=O)oc2c1,0.2502100034926465,-0.0633928314473101,155.56983812249845,355.46478731898304,1.2960508288537882
C=CC(=O)Oc1ccc(-c2ccc(Oc3ccnc4cc(Cl)ccc34)cc2)cc1,0.2502100034926465,-0.0734874442841479,155.56983812249845,347.7695392283559,1.3031844978386224
C=CC(=O)Oc1ccccc1Oc1ccccc1Oc1cccc2c1Cc1ccccc1-2,0.2502100034926465,-0.2062533334519335,155.56983812249845,378.46849343333815,1.27662014225799
C=CC(=O)Oc1ccccc1-c1cccc2c1[nH]c1ccccc12,0.2525024866672827,-0.000472829303391,156.7403061025051,285.683600526542,1.3798920465057904
C=CC(=O)Oc1ccc(-c2ccc(S(=O)(=O)c3ccc(O)cc3)cc2)cc1,0.2525024866672827,-0.0005741262820886,156.7403061025051,327.5755883715551,1.3263560585379826
C=CC(=O)Oc1ccc(Cc2ccc(S(=O)(=O)c3ccc(O)cc3)cc2)cc1,0.2525024866672827,-0.001819535532348,156.7403061025051,342.6408363404221,1.3106682725929162
C=CC(=O)Oc1ccccc1Cc1cccc2c1Nc1ccccc1S2,0.2525024866672827,-0.0019065881160424,156.7403061025051,321.1385564371635,1.3335617895123324
C=CC(=O)OCc1cccc(-c2cccc3c2[nH]c2ccccc23)c1,0.2525024866672827,-0.0024348640826867,156.7403061025051,301.2836408048404,1.357982701405737
C=CC(=O)Oc1cccc(-c2cccc3c2[nH]c2ccccc23)c1,0.2525024866672827,-0.0025972282501531,156.7403061025051,284.10796634198744,1.3822583393808947
C=CC(=O)Oc1ccc(Cc2cccc3c2Nc2ccccc2S3)cc1,0.2525024866672827,-0.0065795028594659,156.7403061025051,323.245671617755,1.3311676507996448
C=CC(=O)Oc1ccccc1Cc1ccc(S(=O)(=O)c2ccc(O)cc2)cc1,0.2525024866672827,-0.0137025857356714,156.7403061025051,344.65627395339635,1.3086849785733246
C=CC(=O)Oc1cccc(Cc2cccc3c2[nH]c2ccccc23)c1,0.2525024866672827,-0.0150241697219537,156.7403061025051,300.73614549707685,1.3587078969287114
C=CC(=O)Oc1cccc(Cc2cccc3c2Nc2ccccc2S3)c1,0.2525024866672827,-0.0162337267783807,156.7403061025051,322.0853245255843,1.3324817114958618
C=CC(=O)Oc1cccc(COc2ccc(S(=O)(=O)c3ccc(O)cc3)cc2)c1,0.2525024866672827,-0.0195413386436773,156.7403061025051,352.78517135383333,1.300940072246679
C=CC(=O)Oc1cccc(COc2cccc3c2[nH]c2ccccc23)c1,0.2525024866672827,-0.0198787903400732,156.7403061025051,309.4600125928199,1.3474975910988394
C=CC(=O)Oc1cccc2c1Nc1ccccc1S2,0.2525024866672827,-0.0267833923908544,156.7403061025051,232.35714238980717,1.4812801773817887
C=CC(=O)OCc1cccc(Oc2cccc3c2Nc2ccccc2S3)c1,0.2525024866672827,-0.0317178512004541,156.7403061025051,330.9367733143615,1.3227178898036098
C=CC(=O)Oc1cccc(COc2cccc3c2Nc2ccccc2S3)c1,0.2525024866672827,-0.0327062154201196,156.7403061025051,331.1986834450156,1.3224378577004696
C=CC(=O)Oc1ccccc1OC1c2ccccc2-c2ccccc21,0.2525024866672827,-0.0349347138789819,156.7403061025051,299.4067638169905,1.3604812932238155
C=CC(=O)Oc1ccc(S(=O)(=O)c2ccc(O)cc2)cc1,0.2525024866672827,-0.0439182078453375,156.7403061025051,256.4427316230503,1.429347563106864
C=CC(=O)Oc1ccc(Oc2cccc3c2[nH]c2ccccc23)cc1,0.2525024866672827,-0.0481121694656683,156.7403061025051,291.6303191647355,1.37122457557694
C=CC(=O)Oc1ccccc1-c1cccc2c1Nc1ccccc1S2,0.2525024866672827,-0.0488632762817071,156.7403061025051,303.61125566322386,1.3549327060072436
C=CC(=O)Oc1ccccc1Oc1cccc2c1Nc1ccccc1S2,0.2525024866672827,-0.0514323258784936,156.7403061025051,314.51076692143204,1.341327644326898
C=CC(=O)OCc1cccc(Cc2ccc(S(=O)(=O)c3ccc(O)cc3)cc2)c1,0.2525024866672827,-0.0552434170631097,156.7403061025051,361.6502664447832,1.292931150938677
C=CC(=O)Oc1cccc(Oc2cccc3c2Nc2ccccc2S3)c1,0.2525024866672827,-0.0574458980945276,156.7403061025051,314.81138723179714,1.3409674384122605
C=CC(=O)Oc1cccc(Oc2cccc(Cc3ccc(S(=O)(=O)c4ccc(O)cc4)cc3)c2)c1,0.2525024866672827,-0.0641421521094964,156.7403061025051,425.6013740720005,1.245860858306531
C=CC(=O)OCc1cccc(OCc2cccc(Oc3cccc4c3Nc3ccccc3S4)c2)c1,0.2525024866672827,-0.1206443453220056,156.7403061025051,428.1273204504606,1.24431348638951
C=CC(=O)Oc1cccc(-c2cccc(Oc3cccc4c3Nc3ccccc3S4)c2)c1,0.2525024866672827,-0.154153063335769,156.7403061025051,384.2340637346469,1.2743553281435942
C=CC(=O)OCc1cccc(OCc2cccc(-c3cccc4c3Nc3ccccc3S4)c2)c1,0.2525024866672827,-0.1642837369826959,156.7403061025051,419.12221744461607,1.2499220462679557
C=CC(=O)Oc1cccc(Oc2cccc(OC3c4ccccc4-c4ccccc43)c2)c1,0.2525024866672827,-0.17571945432698,156.7403061025051,379.2530775270658,1.2782442387744557
C=CC(=O)OCc1cccc(OCc2cccc(OCc3cccc(Cc4cccc5c4Nc4ccccc4S5)c3)c2)c1,0.2525024866672827,-0.2283754194167779,156.7403061025051,535.1966688682963,1.1929584095312888
C=CC(=O)Oc1ccccc1Cc1cccc2c1Cc1ccccc1-2,0.2547949698419189,-0.0008793625383758,157.91077408251175,307.65158188231607,1.3526615060708616
C=CC(=O)Oc1ccc(OCC2c3ccccc3-c3ccccc32)cc1,0.2547949698419189,-0.0021644380540465,157.91077408251175,315.2546661535866,1.3432492033419055
C=CC(=O)Oc1ccccc1Oc1ccc2c(C)cc(=O)oc2c1,0.2547949698419189,-0.0034386065454101,157.91077408251175,282.17771068942926,1.388437238179992
C=CC(=O)Oc1ccc(Cc2ccc3c(C)cc(=O)oc3c2)cc1O,0.2547949698419189,-0.0052092519254302,157.91077408251175,301.40185688783714,1.3608019661805368
C=CC(=O)Oc1ccc(-c2cccc3c2Cc2ccccc2-3)cc1O,0.2547949698419189,-0.0061410513372039,157.91077408251175,300.06292269934755,1.362596101681052
C=CC(=O)Oc1ccc(Oc2c3ccccc3cc3ccccc23)cc1,0.2547949698419189,-0.0125790086240386,157.91077408251175,308.4126646186878,1.3516956786232452
C=CC(=O)Oc1ccc(Cc2cccc3c2Cc2ccccc2-3)cc1O,0.2547949698419189,-0.0128263089208984,157.91077408251175,317.04106750584606,1.3411114839973548
C=CC(=O)Oc1ccc(Cc2ccc3c(C)cc(=O)oc3c2)cc1,0.2547949698419189,-0.0174792561083221,157.91077408251175,290.9919932587256,1.3752478011208134
C=CC(=O)Oc1ccc(Cc2cccc3c2Nc2ccccc2S3)cc1O,0.2547949698419189,-0.0183425399809265,157.91077408251175,332.2544044347067,1.3239480622879545
C=CC(=O)Oc1ccc(Cc2ccc3c(C)cc(=O)oc3c2)c(O)c1,0.2547949698419189,-0.0203193870038604,157.91077408251175,300.4091573011397,1.3621304136221786
C=CC(=O)Oc1c2ccccc2cc2ccccc12,0.2547949698419189,-0.0206044164151763,157.91077408251175,227.6926718824407,1.497213084099723
C=CC(=O)Oc1ccccc1Cc1ccc2c(C)cc(=O)oc2c1,0.2547949698419189,-0.0213093015699768,157.91077408251175,290.4148762679997,1.3760833269742714
C=CC(=O)Oc1ccc(-c2cccc3c2Nc2ccccc2S3)c(O)c1,0.2547949698419189,-0.0216615054159546,157.91077408251175,310.91301211352163,1.3485603050319637
C=CC(=O)Oc1cccc(Cc2ccc3c(C)cc(=O)oc3c2)c1C#N,0.2547949698419189,-0.0243719074278259,157.91077408251175,306.9514874567108,1.3535547264939962
C=CC(=O)Oc1ccc(-c2ccc3c(C)cc(=O)oc3c2)cc1,0.2547949698419189,-0.0318265405149078,157.91077408251175,273.21957294260875,1.4028512671311226
C=CC(=O)Oc1ccc(Oc2c3ccccc3cc3ccccc23)c(O)c1,0.2547949698419189,-0.0357084724455261,157.91077408251175,315.8605155158325,1.3425211540545219
C=CC(=O)Oc1ccc(OCC2c3ccccc3-c3ccccc32)c(O)c1,0.2547949698419189,-0.0379051718264007,157.91077408251175,325.4644994653587,1.3313861437907593
C=CC(=O)Oc1ccc(Cc2cccc3c2Nc2ccccc2S3)c(O)c1,0.2547949698419189,-0.04184810848526,157.91077408251175,330.44806402320467,1.3258934808644711
C=CC(=O)Oc1ccc(Oc2cccc3c2Nc2ccccc2S3)cc1,0.2547949698419189,-0.0419475886373901,157.91077408251175,312.5426994678445,1.34654720384404
C=CC(=O)Oc1cccc(-c2cccc3c2Cc2ccccc2-3)c1C#N,0.2547949698419189,-0.0420260879545593,157.91077408251175,307.4425426935276,1.3529277279766134
C=CC(=O)Oc1ccc(-c2cccc3c2Nc2ccccc2S3)cc1,0.2547949698419189,-0.0453168305902862,157.91077408251175,305.46430428284003,1.3554675548198463
C=CC(=O)Oc1ccc(Cc2c3ccccc3cc3ccccc23)cc1O,0.2547949698419189,-0.0486343059091949,157.91077408251175,326.68335419444304,1.3300254430783542
C=CC(=O)Oc1ccccc1OCC1c2ccccc2-c2ccccc21,0.2547949698419189,-0.0565324279814148,157.91077408251175,314.66446120054496,1.3439614911458286
C=CC(=O)Oc1cccc(Cc2c3ccccc3cc3ccccc23)c1C#N,0.2547949698419189,-0.0708778950720215,157.91077408251175,336.6977148394413,1.3192616615853774
C=CC(=O)Oc1ccc(-c2ccc(OCC3c4ccccc4-c4ccccc43)cc2O)c(O)c1,0.2547949698419189,-0.1048309657125854,157.91077408251175,405.21280988199385,1.2611919126354798
C=CC(=O)Oc1ccc(-c2ccc(Oc3cccc4c3Cc3ccccc3-4)cc2O)c(O)c1,0.2547949698419189,-0.1441680047064209,157.91077408251175,389.4990332201797,1.27253733364705
C=CC(=O)Oc1cccc(Oc2cccc(Cc3cccc4c3Nc3ccccc3S4)c2C#N)c1C#N,0.2547949698419189,-0.1928151700048828,157.91077408251175,439.066952211559,1.239724356204978
C=CC(=O)Oc1cccc(Oc2cccc(Cc3cccc4c3Cc3ccccc3-4)c2C#N)c1C#N,0.2547949698419189,-0.2000071558504486,157.91077408251175,423.5429803170043,1.2491081454501762
C=CC(=O)Oc1cccc(-c2cccc(OCC3c4ccccc4-c4ccccc43)c2C#N)c1C#N,0.2547949698419189,-0.2238360199480438,157.91077408251175,424.0323778843178,1.2488009939520053
C=CC(=O)Oc1cccc(-c2cccc(Oc3cccc(OCC4c5ccccc5-c5ccccc54)c3C#N)c2C#N)c1C#N,0.2547949698419189,-0.3256413194685364,157.91077408251175,524.6476275567935,1.1985777978415992
C=CC(=O)OCc1ccc(Sc2ccc3cc(C#N)c(=O)oc3c2)cc1,0.2570874530165551,-0.0005422395379187,159.08124206251838,313.56157845287385,1.3481365110781411
C=CC(=O)Oc1ccc(C(=O)c2ccc(S(=O)(=O)c3ccc(O)cc3)cc2)c(O)c1,0.2570874530165551,-0.0032220047623755,159.08124206251838,358.17717304847486,1.3008274886364855
C=CC(=O)OCc1ccc(-c2ccc(S(=O)(=O)c3ccc(O)cc3)cc2)cc1,0.2570874530165551,-0.0033027690560462,159.08124206251838,342.5443219568731,1.315842630485697
C=CC(=O)Oc1ccc(Sc2ccc(S(=O)(=O)c3ccc(O)cc3)cc2)cc1,0.2570874530165551,-0.0056940477997901,159.08124206251838,349.58444905156256,1.3088963824602031
C=CC(=O)Oc1ccc(Sc2ccc3cc(C#N)c(=O)oc3c2)c(O)c1,0.2570874530165551,-0.0058020514161231,159.08124206251838,303.08195329412894,1.3615365963659654
C=CC(=O)Oc1ccc(Sc2ccc(S(=O)(=O)c3ccc(O)cc3)cc2)cc1O,0.2570874530165551,-0.0082547229439856,159.08124206251838,357.82828089828547,1.3011467682284659
C=CC(=O)Oc1ccc(Sc2ccc3cc(C#N)c(=O)oc3c2)cc1,0.2570874530165551,-0.0121670228154303,159.08124206251838,294.8699954791513,1.372796466213405
C=CC(=O)Oc1ccc(C(=O)c2ccc(S(=O)(=O)c3ccc(O)cc3)cc2)cc1O,0.2570874530165551,-0.0130065840394141,159.08124206251838,358.1256623526276,1.3008745840630158
C=CC(=O)Oc1ccc(C(=O)c2ccc3c(C)cc(=O)oc3c2)cc1O,0.2570874530165551,-0.0178028505952002,159.08124206251838,301.42395298774454,1.3637537065998835
C=CC(=O)Oc1ccc(-c2ccc(S(=O)(=O)c3ccc(O)cc3)cc2)cc1O,0.2570874530165551,-0.0183277863352654,159.08124206251838,338.3632094295683,1.3201203768460221
C=CC(=O)Oc1ccc(C(=O)c2ccc3c(C)cc(=O)oc3c2)cc1,0.2570874530165551,-0.0190606576115729,159.08124206251838,293.5172987863279,1.374720314893939
C=CC(=O)Oc1ccc(Oc2ccc(S(=O)(=O)c3ccc(O)cc3)cc2)c(O)c1,0.2570874530165551,-0.0195048588602898,159.08124206251838,346.8071290864418,1.3115992674738937
C=CC(=O)Oc1ccc(Oc2ccc(S(=O)(=O)c3ccc(O)cc3)cc2)cc1,0.2570874530165551,-0.0213315051705481,159.08124206251838,337.2722217705905,1.3212560322535272
C=CC(=O)Oc1ccc(Sc2ccc(S(=O)(=O)c3ccc(O)cc3)cc2)c(O)c1,0.2570874530165551,-0.0239114028126837,159.08124206251838,358.10565280376085,1.3008928825187227
C=CC(=O)Oc1ccc(CSc2ccc(S(=O)(=O)c3ccc(O)cc3)cc2)cc1,0.2570874530165551,-0.024383561006272,159.08124206251838,364.6171221946874,1.2950551195127271
C=CC(=O)Oc1ccc(COc2ccc3c(C)cc(=O)oc3c2)cc1,0.2570874530165551,-0.02788852036885,159.08124206251838,297.91377743438545,1.3685404020854994
C=CC(=O)Oc1ccc(Oc2ccc(Oc3ccc4cc(C#N)c(=O)oc4c3)cc2O)cc1O,0.2570874530165551,-0.0293172162682654,159.08124206251838,381.8142857927747,1.28068707462081
C=CC(=O)Oc1ccc(COc2ccc3ccccc3c2)cc1,0.2570874530165551,-0.0322931844084618,159.08124206251838,282.23439593285417,1.3915944645645373
C=CC(=O)Oc1ccc(Oc2ccc3cc(C#N)c(=O)oc3c2)cc1,0.2570874530165551,-0.0336431700079796,159.08124206251838,285.57652965069497,1.3864362733049904
C=CC(=O)Oc1ccc(C(=O)c2ccc3ccccc3c2)cc1O,0.2570874530165551,-0.0461571055739281,159.08124206251838,287.086190562848,1.3841515661679205
C=CC(=O)Oc1ccc(-c2ccc(Oc3ccc4cc(C#N)c(=O)oc4c3)cc2)cc1,0.2570874530165551,-0.0551945131928565,159.08124206251838,357.0347559736487,1.3018755102003239
C=CC(=O)OCc1ccc(C(=O)c2ccc(S(=O)(=O)c3ccc(O)cc3)cc2)cc1,0.2570874530165551,-0.0575799804837348,159.08124206251838,363.4737050698258,1.296063539278782
C=CC(=O)OCc1ccc(-c2ccc(COc3ccc4cc(C#N)c(=O)oc4c3)cc2)cc1,0.2570874530165551,-0.0771027368218543,159.08124206251838,395.6876962481092,1.2700894534362386
C=CC(=O)Oc1ccc(COc2ccc(COc3ccc(COC4c5ccccc5-c5ccccc54)cc3)cc2)cc1,0.2570874530165551,-0.0935358267933966,159.08124206251838,509.5994607268447,1.2063476662921253
C=CC(=O)Oc1ccc(Oc2ccc(Oc3ccc(Sc4ccc(S(=O)(=O)c5ccc(O)cc5)cc4)cc3O)cc2O)cc1O,0.2570874530165551,-0.1041817825944068,159.08124206251838,534.7581588068721,1.1961520732707485
C=CC(=O)OCc1cccc(Cc2ccc3c(C)cc(=O)oc3c2)c1,0.2593799361911912,-0.0024848451885084,160.25171004252496,308.73311908407567,1.3570801260799497
C=CC(=O)OCc1cccc(-c2cccc(COc3cccc(F)c3F)c2)c1,0.2593799361911912,-0.0080266466411451,160.25171004252496,338.7748971251069,1.3222744521500382
C=CC(=O)Oc1ccc(CN2Cc3ccccc3C2=O)cc1,0.2593799361911912,-0.0091617831913133,160.25171004252496,268.9353622120969,1.4170641780783664
C=CC(=O)Oc1ccccc1N1Cc2ccccc2C1=O,0.2593799361911912,-0.0302800366607804,160.25171004252496,251.836011180385,1.4497077245590857
C=CC(=O)Oc1ccc(-c2ccc(Oc3ccc4c(C)cc(=O)oc4c3)cc2)cc1,0.2593799361911912,-0.0477856567176679,160.25171004252496,354.85735532593674,1.3063319822142196
C=CC(=O)Oc1ccc(Cc2ccc3ccccc3c2)cc1,0.2593799361911912,-0.0482846328941484,160.25171004252496,274.6735019365492,1.407171345758978
C=CC(=O)Oc1ccccc1-c1cccc(F)c1F,0.2593799361911912,-0.0493186244693895,160.25171004252496,223.86341420642373,1.516215342958145
C=CC(=O)Oc1ccccc1-c1ccccc1Oc1ccc2ccccc2c1,0.2593799361911912,-0.0543030073913435,160.25171004252496,338.28877358528393,1.3227826641957112
C=CC(=O)OCc1cccc(-c2cccc3c2Nc2ccccc2S3)c1,0.2593799361911912,-0.0613593926700453,160.25171004252496,321.91507097531576,1.340907670008743
C=CC(=O)OCc1cccc(Cc2cccc(F)c2F)c1,0.2593799361911912,-0.0745483169284959,160.25171004252496,258.9542435422982,1.4355010567344444
C=CC(=O)Oc1ccccc1-c1ccccc1Oc1ccc2c(C)cc(=O)oc2c1,0.2593799361911912,-0.0763470104011396,160.25171004252496,352.8679926564522,1.3082166692852961
C=CC(=O)Oc1ccc(-c2cccc(F)c2F)cc1,0.2593799361911912,-0.0788988301483293,160.25171004252496,222.2753061303665,1.5206080331309175
C=CC(=O)Oc1ccc(Cc2cccc(F)c2F)cc1,0.2593799361911912,-0.0846302041736741,160.25171004252496,240.45617422269507,1.4745153824397228
C=CC(=O)Oc1ccccc1Cc1cccc(F)c1F,0.2593799361911912,-0.0906619856086869,160.25171004252496,240.4881190565584,1.474441794277075
