7294,Methyl acrylate,COC(=O)C=C,2,78.27597028,61.82600944,82.65446258,74.25214743,65.4248999,81.57903779,78.02169464,75.00854411,-1.01%
7294,Methyl acrylate,COC(=O)C=C,4,154.8859292,165.3736483,126.8348628,149.0314801,138.442656,158.4653714,147.9881103,148.2987126,0.49%
7294,Methyl acrylate,COC(=O)C=C,6,204.4342676,230.0671612,233.2058905,222.5691064,212.9902767,235.1210847,217.2835778,221.7983131,0.35%
7294,Methyl acrylate,COC(=O)C=C,8,281.3161622,296.380416,321.6191175,299.7718986,287.4920006,312.8988183,285.7193306,295.3700498,1.49%
7294,Methyl acrylate,COC(=O)C=C,10,368.1069458,370.9727041,379.9054779,372.9950426,362.995027,389.6729994,354.6361073,369.1013779,1.05%
7294,Methyl acrylate,COC(=O)C=C,12,458.7232948,420.5948467,451.9885481,443.7688966,438.7569693,465.2616281,424.1885204,442.7357059,0.23%
7294,Methyl acrylate,COC(=O)C=C,14,490.131337,541.9307493,519.7926725,517.2849196,514.2465192,542.1100799,492.8801997,516.4122663,0.17%
7294,Methyl acrylate,COC(=O)C=C,16,579.9395068,596.097599,608.7952122,594.944106,589.8153393,618.8997326,561.5761085,590.0970601,0.82%
7294,Methyl acrylate,COC(=O)C=C,18,650.5221094,665.6009118,691.9533336,669.3587849,665.3668853,695.7523938,630.2128629,663.7773807,0.84%
7294,Methyl acrylate,COC(=O)C=C,20,748.4743259,716.0058801,755.9581921,740.1461327,740.9731475,772.6061875,698.7913051,737.45688,0.36%
8821,Ethyl acrylate,CCOC(=O)C=C,2,79.91743062,91.1450201,99.09510114,90.05251729,80.9832618,98.08151276,98.86343943,92.642738,-2.80%
8821,Ethyl acrylate,CCOC(=O)C=C,4,185.4823585,180.3616025,179.7156805,181.8532138,170.6740388,190.9914959,187.6856158,183.1170502,-0.69%
8821,Ethyl acrylate,CCOC(=O)C=C,6,286.3357455,252.2390039,285.2014203,274.5920566,262.2779807,283.6095107,275.3761299,273.7545404,0.31%
8821,Ethyl acrylate,CCOC(=O)C=C,8,363.4641814,338.6907118,381.2311923,361.1286951,354.4605618,376.8572858,362.112886,364.4769112,-0.92%
8821,Ethyl acrylate,CCOC(=O)C=C,10,432.8300159,474.6425035,453.0238741,453.4987978,447.4947484,469.1506483,449.3369003,455.3274323,-0.40%
8821,Ethyl acrylate,CCOC(=O)C=C,12,561.6082732,546.7093105,535.0786037,547.7987292,540.0110244,561.0889694,537.13904,546.0796779,0.31%
8821,Ethyl acrylate,CCOC(=O)C=C,14,617.9074935,638.8734531,662.5349976,639.7719814,632.9545213,653.7416424,623.9665767,636.8875801,0.45%
8821,Ethyl acrylate,CCOC(=O)C=C,16,729.047909,663.4195595,802.1811753,731.549548,726.0048538,746.354822,710.7770614,727.7122457,0.53%
8821,Ethyl acrylate,CCOC(=O)C=C,18,800.9882419,824.0590197,849.2272744,824.7581786,819.0638549,839.0424734,797.4490624,818.5184636,0.76%
8821,Ethyl acrylate,CCOC(=O)C=C,20,919.7106063,909.8049288,918.5629494,916.0261615,912.2563619,931.7209864,884.2431544,909.4068342,0.73%
8846,Butyl Acrylate,CCCCOC(=O)C=C,2,118.7188069,126.1733174,127.967665,124.2865964,111.9291701,131.5311228,140.0058571,127.82205,-2.77%
8846,Butyl Acrylate,CCCCOC(=O)C=C,4,269.7435071,239.4118355,244.1054987,251.0869471,235.1141311,256.2399279,267.4275894,252.9272161,-0.73%
8846,Butyl Acrylate,CCCCOC(=O)C=C,6,397.5754591,387.1009257,346.8222571,377.1662139,360.4552539,380.5751106,393.1520395,378.0608013,-0.24%
8846,Butyl Acrylate,CCCCOC(=O)C=C,8,495.7245522,513.8042052,491.2476541,500.2588038,487.4696191,504.8409203,517.3817512,503.2307635,-0.59%
8846,Butyl Acrylate,CCCCOC(=O)C=C,10,602.7494976,630.9956256,642.3318283,625.3589838,614.6185266,628.9201781,642.0162673,628.518324,-0.50%
8846,Butyl Acrylate,CCCCOC(=O)C=C,12,741.3163841,748.4780655,749.8754078,746.5566191,741.3109065,752.4716084,767.7551678,753.8458942,-0.97%
8846,Butyl Acrylate,CCCCOC(=O)C=C,14,844.0822921,875.1671655,907.4357418,875.5617331,869.0382451,876.5113249,892.0260132,879.1918611,-0.41%
8846,Butyl Acrylate,CCCCOC(=O)C=C,16,1006.042588,1019.609135,988.5117244,1004.721149,996.8746319,1000.652156,1016.063596,1004.530128,0.02%
8846,Butyl Acrylate,CCCCOC(=O)C=C,18,1142.552574,1149.037856,1076.56684,1122.71909,1124.79291,1124.835607,1140.123018,1129.917178,-0.64%
8846,Butyl Acrylate,CCCCOC(=O)C=C,20,1281.361725,1245.920464,1242.126887,1256.469692,1252.859956,1248.915453,1264.012429,1255.262613,0.10%
39485,2-Phenoxyethyl acrylate,C=CC(=O)OCCOC1=CC=CC=C1,2,233.2445842,13325.29%,198.1516248,188.2163558,188.0794577,230.437392,183.4199238,200.6455912,-6.19%
39485,2-Phenoxyethyl acrylate,C=CC(=O)OCCOC1=CC=CC=C1,4,478.6669772,422.788923,258.8610175,386.7723059,423.5513689,468.3755378,303.1138262,398.346911,-2.91%
39485,2-Phenoxyethyl acrylate,C=CC(=O)OCCOC1=CC=CC=C1,6,468.6862131,581.4200072,650.5594561,566.8885588,562.1565362,652.3358851,547.6377533,587.3767249,-3.49%
39485,2-Phenoxyethyl acrylate,C=CC(=O)OCCOC1=CC=CC=C1,8,680.045432,784.6937097,857.6366627,774.1252681,884.9519728,928.8779548,580.8761999,798.2353758,-3.02%
39485,2-Phenoxyethyl acrylate,C=CC(=O)OCCOC1=CC=CC=C1,10,867.2956609,978.6560492,1017.990013,954.6472411,1123.137518,1150.720878,722.948098,998.935498,-4.43%
39485,2-Phenoxyethyl acrylate,C=CC(=O)OCCOC1=CC=CC=C1,12,1082.677482,1260.295243,1168.754031,1170.575585,1375.198885,1378.988475,829.4426537,1194.543338,-2.01%
39485,2-Phenoxyethyl acrylate,C=CC(=O)OCCOC1=CC=CC=C1,14,1487.486911,1300.606801,1259.212941,1349.102218,1536.61902,1572.91473,1055.19608,1388.243277,-2.82%
39485,2-Phenoxyethyl acrylate,C=CC(=O)OCCOC1=CC=CC=C1,16,1497.603647,1596.525783,1491.999456,1528.709628,1796.934718,712.2079357,2012.674078,1507.272244,1.42%
67889,"2,2,2-Trifluoroethyl acrylate",C=CC(=O)OCC(F)(F)F,2,87.89598803,87.60544642,99.67315533,91.72486326,81.0147528,98.64648662,97.41471431,92.35865124,-0.69%
67889,"2,2,2-Trifluoroethyl acrylate",C=CC(=O)OCC(F)(F)F,4,194.7360672,172.7076454,180.0733981,182.5057035,177.9996673,191.6850257,182.5009661,184.0618864,-0.85%
67889,"2,2,2-Trifluoroethyl acrylate",C=CC(=O)OCC(F)(F)F,6,259.5263918,285.6537524,271.1380841,272.1060761,271.5355663,282.3780347,272.4837224,275.4657745,-1.22%
67889,"2,2,2-Trifluoroethyl acrylate",C=CC(=O)OCC(F)(F)F,8,373.6761567,351.4079228,366.2110753,363.7650516,366.544455,374.1422337,358.2345794,366.3070894,-0.69%
67889,"2,2,2-Trifluoroethyl acrylate",C=CC(=O)OCC(F)(F)F,10,455.3590695,458.5624067,454.0794879,456.0003213,464.8695434,469.4348609,441.8022635,458.7022226,-0.59%
67889,"2,2,2-Trifluoroethyl acrylate",C=CC(=O)OCC(F)(F)F,12,554.5762576,545.2187863,545.691761,548.4956016,569.2071545,560.8068116,531.1055121,553.7064927,-0.94%
67889,"2,2,2-Trifluoroethyl acrylate",C=CC(=O)OCC(F)(F)F,14,637.6724359,648.7904887,645.8714453,644.1114566,662.0219732,651.7362846,622.0740578,645.2774385,-0.18%
67889,"2,2,2-Trifluoroethyl acrylate",C=CC(=O)OCC(F)(F)F,16,749.6147843,722.5617867,704.5060777,725.5608829,748.4044006,747.3618883,704.8882774,733.5515221,-1.09%
67889,"2,2,2-Trifluoroethyl acrylate",C=CC(=O)OCC(F)(F)F,18,819.7232221,811.3821001,840.9822549,824.0291924,847.7645575,838.457705,795.6441031,827.2887885,-0.39%
67889,"2,2,2-Trifluoroethyl acrylate",C=CC(=O)OCC(F)(F)F,20,914.9631554,903.8487242,922.9538025,913.921894,936.9281195,909.1428548,908.318949,918.1299744,-0.46%
75617,Benzyl acrylate,C=CC(=O)OCC1=CC=CC=C1,2,181.2863663,139.9701337,187.1950078,169.483836,80.7926345,197.8760478,250.2804607,176.316381,-3.88%
75617,Benzyl acrylate,C=CC(=O)OCC1=CC=CC=C1,4,401.1740144,316.3241182,295.9920962,337.8300763,172.1183604,370.6856575,475.3602596,339.3880925,-0.46%
75617,Benzyl acrylate,C=CC(=O)OCC1=CC=CC=C1,6,569.4932502,485.59828,479.6188719,511.570134,262.938959,541.4408834,697.0417002,500.4738475,2.22%
75617,Benzyl acrylate,C=CC(=O)OCC1=CC=CC=C1,8,811.6561213,580.6320228,674.3865752,688.8915731,353.7024915,718.481102,912.576851,661.5868148,4.13%
75617,Benzyl acrylate,C=CC(=O)OCC1=CC=CC=C1,10,906.329782,716.7781675,941.9944332,855.0341275,446.0903289,889.0488674,1132.236519,822.4585718,3.96%
75617,Benzyl acrylate,C=CC(=O)OCC1=CC=CC=C1,12,890.7547483,1042.588642,1170.84911,1034.730833,534.1911653,1057.601978,1354.466681,982.0866081,5.36%
75617,Benzyl acrylate,C=CC(=O)OCC1=CC=CC=C1,14,1157.104854,1350.654823,1141.861216,1216.540298,628.4474677,1225.485856,1571.727045,1141.88679,6.54%
75617,Benzyl acrylate,C=CC(=O)OCC1=CC=CC=C1,16,1244.186443,1403.714254,1432.024892,1359.975197,723.2046976,1392.75687,1788.53992,1301.500496,4.49%
13774217,4-Bromophenyl acrylate,C=CC(=O)OC1=CC=C(C=C1)Br,2,137.5464695,190.147956,230.5403049,186.0782435,80.0239802,200.353444,303.0732442,194.4835561,-4.32%
13774217,4-Bromophenyl acrylate,C=CC(=O)OC1=CC=C(C=C1)Br,4,466.5129503,359.6737986,335.9727834,387.3865107,166.0504399,382.2089414,571.8957467,373.3850427,3.75%
13774217,4-Bromophenyl acrylate,C=CC(=O)OC1=CC=C(C=C1)Br,6,644.7965153,507.4426313,524.0366301,558.7585922,249.519773,563.9817687,836.0593816,549.8536411,1.62%
13774217,4-Bromophenyl acrylate,C=CC(=O)OC1=CC=C(C=C1)Br,8,708.7983627,841.634747,694.0892781,748.1741293,329.450068,748.0867061,1100.501863,726.012879,3.05%
13774217,4-Bromophenyl acrylate,C=CC(=O)OC1=CC=C(C=C1)Br,10,900.0504982,968.8471182,1014.874722,961.2574463,415.3914177,925.6544469,1371.665859,904.2372412,6.31%
13774217,4-Bromophenyl acrylate,C=CC(=O)OC1=CC=C(C=C1)Br,12,1087.917931,1130.96639,1076.255944,1098.380088,495.1796171,1106.473313,1636.644952,1079.432627,1.76%
13774217,4-Bromophenyl acrylate,C=CC(=O)OC1=CC=C(C=C1)Br,14,1250.987683,1216.210545,1499.471661,1322.223296,578.836885,1284.23916,1901.651037,1254.909027,5.36%
13774217,4-Bromophenyl acrylate,C=CC(=O)OC1=CC=C(C=C1)Br,16,1518.458652,1679.016868,1256.90724,1484.794253,664.3028362,1466.798313,2161.130294,1430.743814,3.78%
15621059,"2-Propenoic acid, [1,1'-biphenyl]-4-ylmethyl ester",C=CC(=O)OCC1=CC=C(C=C1)C2=CC=CC=C2,2,366.8737826,265.3520169,274.1568602,302.1275532,112.7588704,289.6326353,524.8144211,309.0686423,-2.25%
15621059,"2-Propenoic acid, [1,1'-biphenyl]-4-ylmethyl ester",C=CC(=O)OCC1=CC=C(C=C1)C2=CC=CC=C2,4,686.0152817,563.0834568,509.6899928,586.2629104,223.5777765,548.7384799,989.9629969,587.4264178,-0.20%
15621059,"2-Propenoic acid, [1,1'-biphenyl]-4-ylmethyl ester",C=CC(=O)OCC1=CC=C(C=C1)C2=CC=CC=C2,6,790.1646722,941.7533897,944.9373193,892.2851271,332.3055472,804.8534326,1447.784978,861.6479859,3.56%
15621059,"2-Propenoic acid, [1,1'-biphenyl]-4-ylmethyl ester",C=CC(=O)OCC1=CC=C(C=C1)C2=CC=CC=C2,8,1196.54197,1055.597848,1197.00204,1149.713953,457.5041888,1062.541072,1889.529984,1136.525082,1.16%
15621059,"2-Propenoic acid, [1,1'-biphenyl]-4-ylmethyl ester",C=CC(=O)OCC1=CC=C(C=C1)C2=CC=CC=C2,10,1591.727558,1509.542507,1440.474753,1513.914939,569.2003967,1325.358258,2337.068474,1410.542376,7.33%
id,name,smiles,chain_size,xx_g,yy_g,zz_g,trace_g,xx_t,yy_t,zz_t,trace_t,trace_relative_error